game_id,season,week,kickoff,home,away,game_type,location,home_rest,away_rest,pgo_v0_prediction,challenger_prediction,challenger_full_strength_prediction,subgroup_flags,candidate_prediction
2026_01_NE_SEA,2026,1,2026-09-10T00:20:00+00:00,SEA,NE,REG,Home,7,7,3.86499003768974,1.0345971833085557,1.0345971833085557,"{""changed_or_backup_qb"":true,""head_coach_change"":false,""high_roster_turnover"":false,""major_availability_loss"":false,""weeks_1_4"":true,""weeks_5_18"":false}",3.157391824094444
2026_01_SF_LA,2026,1,2026-09-11T00:35:00+00:00,LAR,SF,REG,Neutral,7,7,2.088590713760465,2.0470723746386215,2.0470723746386215,"{""changed_or_backup_qb"":false,""head_coach_change"":false,""high_roster_turnover"":true,""major_availability_loss"":false,""weeks_1_4"":true,""weeks_5_18"":false}",2.078211128980004
2026_01_ATL_PIT,2026,1,2026-09-13T17:00:00+00:00,PIT,ATL,REG,Home,7,7,3.7485430671823505,5.405607522804486,5.405607522804486,"{""changed_or_backup_qb"":true,""head_coach_change"":true,""high_roster_turnover"":false,""major_availability_loss"":false,""weeks_1_4"":true,""weeks_5_18"":false}",4.1628091810878844
2026_01_BAL_IND,2026,1,2026-09-13T17:00:00+00:00,IND,BAL,REG,Home,7,7,0.7175004671569509,-5.561384432517571,-5.561384432517571,"{""changed_or_backup_qb"":false,""head_coach_change"":true,""high_roster_turnover"":false,""major_availability_loss"":false,""weeks_1_4"":true,""weeks_5_18"":false}",-0.8522207577616796
2026_01_BUF_HOU,2026,1,2026-09-13T17:00:00+00:00,HOU,BUF,REG,Home,7,7,1.9572982081579002,0.4175460741538084,0.4175460741538084,"{""changed_or_backup_qb"":true,""head_coach_change"":false,""high_roster_turnover"":true,""major_availability_loss"":false,""weeks_1_4"":true,""weeks_5_18"":false}",1.5723601746568772
2026_01_CHI_CAR,2026,1,2026-09-13T17:00:00+00:00,CAR,CHI,REG,Home,7,7,-0.5671433734148126,-2.7866751226652253,-2.7866751226652253,"{""changed_or_backup_qb"":true,""head_coach_change"":false,""high_roster_turnover"":false,""major_availability_loss"":false,""weeks_1_4"":true,""weeks_5_18"":false}",-1.1220263107274158
2026_01_CLE_JAX,2026,1,2026-09-13T17:00:00+00:00,JAX,CLE,REG,Home,7,7,8.209148239422708,12.701804227417535,12.701804227417535,"{""changed_or_backup_qb"":true,""head_coach_change"":true,""high_roster_turnover"":false,""major_availability_loss"":false,""weeks_1_4"":true,""weeks_5_18"":false}",9.332312236421414
2026_01_NO_DET,2026,1,2026-09-13T17:00:00+00:00,DET,NO,REG,Home,7,7,5.943733860761356,6.766593579000521,6.766593579000521,"{""changed_or_backup_qb"":false,""head_coach_change"":false,""high_roster_turnover"":false,""major_availability_loss"":false,""weeks_1_4"":true,""weeks_5_18"":false}",6.149448790321148
2026_01_NYJ_TEN,2026,1,2026-09-13T17:00:00+00:00,TEN,NYJ,REG,Home,7,7,3.3003074674116064,6.247894580397267,6.247894580397267,"{""changed_or_backup_qb"":true,""head_coach_change"":true,""high_roster_turnover"":true,""major_availability_loss"":false,""weeks_1_4"":true,""weeks_5_18"":false}",4.037204245658021
2026_01_TB_CIN,2026,1,2026-09-13T17:00:00+00:00,CIN,TB,REG,Home,7,7,2.515463710361427,3.0401746797127847,3.0401746797127847,"{""changed_or_backup_qb"":false,""head_coach_change"":false,""high_roster_turnover"":false,""major_availability_loss"":false,""weeks_1_4"":true,""weeks_5_18"":false}",2.6466414526992663
2026_01_ARI_LAC,2026,1,2026-09-13T20:25:00+00:00,LAC,ARI,REG,Home,7,7,6.707045840966957,9.300498759683585,9.300498759683585,"{""changed_or_backup_qb"":true,""head_coach_change"":false,""high_roster_turnover"":true,""major_availability_loss"":false,""weeks_1_4"":true,""weeks_5_18"":false}",7.355409070646115
2026_01_GB_MIN,2026,1,2026-09-13T20:25:00+00:00,MIN,GB,REG,Home,7,7,2.6699715115235225,0.6630720856521546,0.6630720856521546,"{""changed_or_backup_qb"":true,""head_coach_change"":false,""high_roster_turnover"":false,""major_availability_loss"":false,""weeks_1_4"":true,""weeks_5_18"":false}",2.1682466550556807
2026_01_MIA_LV,2026,1,2026-09-13T20:25:00+00:00,LV,MIA,REG,Home,7,7,0.22519969181688726,-2.2946757341093775,-2.2946757341093775,"{""changed_or_backup_qb"":true,""head_coach_change"":true,""high_roster_turnover"":true,""major_availability_loss"":false,""weeks_1_4"":true,""weeks_5_18"":false}",-0.40476916466467894
2026_01_WAS_PHI,2026,1,2026-09-13T20:25:00+00:00,PHI,WAS,REG,Home,7,7,5.717228238200997,8.634166030145119,8.634166030145119,"{""changed_or_backup_qb"":true,""head_coach_change"":false,""high_roster_turnover"":true,""major_availability_loss"":false,""weeks_1_4"":true,""weeks_5_18"":false}",6.446462686187028
2026_01_DAL_NYG,2026,1,2026-09-14T00:20:00+00:00,NYG,DAL,REG,Home,7,7,2.680888347178675,4.405598718761945,4.405598718761945,"{""changed_or_backup_qb"":true,""head_coach_change"":true,""high_roster_turnover"":true,""major_availability_loss"":false,""weeks_1_4"":true,""weeks_5_18"":false}",3.1120659400744928
2026_01_DEN_KC,2026,1,2026-09-15T00:15:00+00:00,KC,DEN,REG,Home,7,7,0.6162851932001407,-1.7550898600325666,-1.7550898600325666,"{""changed_or_backup_qb"":true,""head_coach_change"":false,""high_roster_turnover"":false,""major_availability_loss"":false,""weeks_1_4"":true,""weeks_5_18"":false}",0.023441429891963905
2026_02_DET_BUF,2026,2,2026-09-18T00:15:00+00:00,BUF,DET,REG,Home,4,4,3.1289706053161375,3.803779857258864,3.803779857258864,"{""changed_or_backup_qb"":true,""head_coach_change"":false,""high_roster_turnover"":true,""major_availability_loss"":false,""weeks_1_4"":true,""weeks_5_18"":false}",3.297672918301819
2026_02_CAR_ATL,2026,2,2026-09-20T17:00:00+00:00,ATL,CAR,REG,Home,7,7,3.69464691611829,3.922532621150734,3.922532621150734,"{""changed_or_backup_qb"":true,""head_coach_change"":false,""high_roster_turnover"":false,""major_availability_loss"":false,""weeks_1_4"":true,""weeks_5_18"":false}",3.7516183423764007
2026_02_CIN_HOU,2026,2,2026-09-20T17:00:00+00:00,HOU,CIN,REG,Home,7,7,5.450616974375206,5.484913063059827,5.484913063059827,"{""changed_or_backup_qb"":false,""head_coach_change"":false,""high_roster_turnover"":false,""major_availability_loss"":false,""weeks_1_4"":true,""weeks_5_18"":false}",5.459190996546361
2026_02_CLE_TB,2026,2,2026-09-20T17:00:00+00:00,TB,CLE,REG,Home,7,7,3.961641386819737,4.817949942300824,4.817949942300824,"{""changed_or_backup_qb"":true,""head_coach_change"":true,""high_roster_turnover"":false,""major_availability_loss"":false,""weeks_1_4"":true,""weeks_5_18"":false}",4.175718525690009
2026_02_GB_NYJ,2026,2,2026-09-20T17:00:00+00:00,NYJ,GB,REG,Home,7,7,-3.475824148668077,-11.28167229681926,-11.28167229681926,"{""changed_or_backup_qb"":true,""head_coach_change"":false,""high_roster_turnover"":true,""major_availability_loss"":false,""weeks_1_4"":true,""weeks_5_18"":false}",-5.4272861857058725
2026_02_MIN_CHI,2026,2,2026-09-20T17:00:00+00:00,CHI,MIN,REG,Home,7,7,2.743655896200715,3.3885849258679697,3.3885849258679697,"{""changed_or_backup_qb"":true,""head_coach_change"":false,""high_roster_turnover"":false,""major_availability_loss"":false,""weeks_1_4"":true,""weeks_5_18"":false}",2.904888153617529
2026_02_NO_BAL,2026,2,2026-09-20T17:00:00+00:00,BAL,NO,REG,Home,7,7,5.961750417086242,9.301660988201817,9.301660988201817,"{""changed_or_backup_qb"":false,""head_coach_change"":true,""high_roster_turnover"":false,""major_availability_loss"":false,""weeks_1_4"":true,""weeks_5_18"":false}",6.796728059865136
2026_02_PHI_TEN,2026,2,2026-09-20T17:00:00+00:00,TEN,PHI,REG,Home,7,7,-3.6002229735271314,-8.866212157011349,-8.866212157011349,"{""changed_or_backup_qb"":true,""head_coach_change"":true,""high_roster_turnover"":true,""major_availability_loss"":false,""weeks_1_4"":true,""weeks_5_18"":false}",-4.916720269398185
2026_02_PIT_NE,2026,2,2026-09-20T17:00:00+00:00,NE,PIT,REG,Home,11,7,5.072102032123979,5.584827122379666,5.584827122379666,"{""changed_or_backup_qb"":false,""head_coach_change"":true,""high_roster_turnover"":false,""major_availability_loss"":false,""weeks_1_4"":true,""weeks_5_18"":false}",5.2002833046879005
2026_02_JAX_DEN,2026,2,2026-09-20T20:05:00+00:00,DEN,JAX,REG,Home,6,7,1.3753749245172404,-0.9017417897096356,-0.9017417897096356,"{""changed_or_backup_qb"":true,""head_coach_change"":false,""high_roster_turnover"":false,""major_availability_loss"":false,""weeks_1_4"":true,""weeks_5_18"":false}",0.8060957459605214
2026_02_LV_LAC,2026,2,2026-09-20T20:05:00+00:00,LAC,LV,REG,Home,7,7,7.787863514820891,10.563258614680622,10.563258614680622,"{""changed_or_backup_qb"":true,""head_coach_change"":true,""high_roster_turnover"":true,""major_availability_loss"":false,""weeks_1_4"":true,""weeks_5_18"":false}",8.481712289785824
2026_02_MIA_SF,2026,2,2026-09-20T20:25:00+00:00,SF,MIA,REG,Home,10,7,6.190108047522973,9.399272074311872,9.399272074311872,"{""changed_or_backup_qb"":true,""head_coach_change"":true,""high_roster_turnover"":true,""major_availability_loss"":false,""weeks_1_4"":true,""weeks_5_18"":false}",6.992399054220197
2026_02_SEA_ARI,2026,2,2026-09-20T20:25:00+00:00,ARI,SEA,REG,Home,7,11,-5.246863520878308,-10.83912882391247,-10.83912882391247,"{""changed_or_backup_qb"":true,""head_coach_change"":false,""high_roster_turnover"":true,""major_availability_loss"":false,""weeks_1_4"":true,""weeks_5_18"":false}",-6.644929846636849
2026_02_WAS_DAL,2026,2,2026-09-20T20:25:00+00:00,DAL,WAS,REG,Home,7,7,2.6833324071063687,2.1678235282245693,2.1678235282245693,"{""changed_or_backup_qb"":true,""head_coach_change"":false,""high_roster_turnover"":true,""major_availability_loss"":false,""weeks_1_4"":true,""weeks_5_18"":false}",2.554455187385919
2026_02_IND_KC,2026,2,2026-09-21T00:20:00+00:00,KC,IND,REG,Home,6,7,2.623838075575919,3.949577847330843,3.949577847330843,"{""changed_or_backup_qb"":true,""head_coach_change"":false,""high_roster_turnover"":false,""major_availability_loss"":false,""weeks_1_4"":true,""weeks_5_18"":false}",2.95527301851465
2026_02_NYG_LA,2026,2,2026-09-22T00:15:00+00:00,LAR,NYG,REG,Home,11,8,7.380885153803386,8.991167633084457,8.991167633084457,"{""changed_or_backup_qb"":true,""head_coach_change"":true,""high_roster_turnover"":true,""major_availability_loss"":false,""weeks_1_4"":true,""weeks_5_18"":false}",7.783455773623654
2026_03_ATL_GB,2026,3,2026-09-25T00:15:00+00:00,GB,ATL,REG,Home,4,4,3.958869049572285,3.3486563170864883,3.3486563170864883,"{""changed_or_backup_qb"":true,""head_coach_change"":false,""high_roster_turnover"":false,""major_availability_loss"":false,""weeks_1_4"":true,""weeks_5_18"":false}",3.8063158664508356
2026_03_CAR_CLE,2026,3,2026-09-27T17:00:00+00:00,CLE,CAR,REG,Home,7,7,2.020275301565663,-0.5902415005570013,-0.5902415005570013,"{""changed_or_backup_qb"":true,""head_coach_change"":true,""high_roster_turnover"":false,""major_availability_loss"":false,""weeks_1_4"":true,""weeks_5_18"":false}",1.367646101034997
2026_03_CIN_PIT,2026,3,2026-09-27T17:00:00+00:00,PIT,CIN,REG,Home,7,7,3.945809584553813,5.474725353335462,5.474725353335462,"{""changed_or_backup_qb"":false,""head_coach_change"":true,""high_roster_turnover"":false,""major_availability_loss"":false,""weeks_1_4"":true,""weeks_5_18"":false}",4.328038526749225
2026_03_HOU_IND,2026,3,2026-09-27T17:00:00+00:00,IND,HOU,REG,Home,7,7,0.649248210007799,-3.8331746238921016,-3.8331746238921016,"{""changed_or_backup_qb"":false,""head_coach_change"":false,""high_roster_turnover"":false,""major_availability_loss"":false,""weeks_1_4"":true,""weeks_5_18"":false}",-0.4713574984671762
2026_03_KC_MIA,2026,3,2026-09-27T17:00:00+00:00,MIA,KC,REG,Home,7,7,0.10631750785947958,-1.6755691528495433,-1.6755691528495433,"{""changed_or_backup_qb"":true,""head_coach_change"":true,""high_roster_turnover"":false,""major_availability_loss"":false,""weeks_1_4"":true,""weeks_5_18"":false}",-0.33915415731777615
2026_03_LAC_BUF,2026,3,2026-09-27T17:00:00+00:00,BUF,LAC,REG,Home,10,7,4.150234791761125,4.960523624600631,4.960523624600631,"{""changed_or_backup_qb"":true,""head_coach_change"":false,""high_roster_turnover"":true,""major_availability_loss"":false,""weeks_1_4"":true,""weeks_5_18"":false}",4.352806999971001
2026_03_NE_JAX,2026,3,2026-09-27T17:00:00+00:00,JAX,NE,REG,Home,7,7,2.714131525563751,0.8867587753343151,0.8867587753343151,"{""changed_or_backup_qb"":true,""head_coach_change"":false,""high_roster_turnover"":false,""major_availability_loss"":false,""weeks_1_4"":true,""weeks_5_18"":false}",2.2572883380063917
2026_03_NYJ_DET,2026,3,2026-09-27T17:00:00+00:00,DET,NYJ,REG,Home,10,7,9.684036742625498,16.16169318050151,16.16169318050151,"{""changed_or_backup_qb"":true,""head_coach_change"":false,""high_roster_turnover"":true,""major_availability_loss"":false,""weeks_1_4"":true,""weeks_5_18"":false}",11.3034508520945
2026_03_SEA_WAS,2026,3,2026-09-27T17:00:00+00:00,WAS,SEA,REG,Home,7,7,-3.5192880333541208,-8.082709620734885,-8.082709620734885,"{""changed_or_backup_qb"":true,""head_coach_change"":false,""high_roster_turnover"":true,""major_availability_loss"":false,""weeks_1_4"":true,""weeks_5_18"":false}",-4.660143430199312
2026_03_TEN_NYG,2026,3,2026-09-27T17:00:00+00:00,NYG,TEN,REG,Home,6,7,5.747215489611179,8.444278793278215,8.444278793278215,"{""changed_or_backup_qb"":true,""head_coach_change"":true,""high_roster_turnover"":true,""major_availability_loss"":false,""weeks_1_4"":true,""weeks_5_18"":false}",6.421481315527938
2026_03_ARI_SF,2026,3,2026-09-27T20:05:00+00:00,SF,ARI,REG,Home,7,7,7.384090681852152,11.933150880863774,11.933150880863774,"{""changed_or_backup_qb"":true,""head_coach_change"":false,""high_roster_turnover"":true,""major_availability_loss"":false,""weeks_1_4"":true,""weeks_5_18"":false}",8.521355731605059
2026_03_MIN_TB,2026,3,2026-09-27T20:05:00+00:00,TB,MIN,REG,Home,7,7,0.6584292111713026,-0.29208425130870785,-0.29208425130870785,"{""changed_or_backup_qb"":true,""head_coach_change"":false,""high_roster_turnover"":false,""major_availability_loss"":false,""weeks_1_4"":true,""weeks_5_18"":false}",0.4208008455513
2026_03_BAL_DAL,2026,3,2026-09-27T20:25:00+00:00,DAL,BAL,REG,Neutral,7,7,-3.335418689106275,-8.58384222577607,-8.58384222577607,"{""changed_or_backup_qb"":true,""head_coach_change"":true,""high_roster_turnover"":false,""major_availability_loss"":false,""weeks_1_4"":true,""weeks_5_18"":false}",-4.647524573273724
2026_03_LV_NO,2026,3,2026-09-27T20:25:00+00:00,NO,LV,REG,Home,7,7,5.365393840504521,6.455371730461427,6.455371730461427,"{""changed_or_backup_qb"":true,""head_coach_change"":true,""high_roster_turnover"":true,""major_availability_loss"":false,""weeks_1_4"":true,""weeks_5_18"":false}",5.637888312993748
2026_03_LA_DEN,2026,3,2026-09-28T00:20:00+00:00,DEN,LAR,REG,Home,7,6,0.9986985376569426,-1.360405065381486,-1.360405065381486,"{""changed_or_backup_qb"":false,""head_coach_change"":false,""high_roster_turnover"":false,""major_availability_loss"":false,""weeks_1_4"":true,""weeks_5_18"":false}",0.40892263689733543
2026_03_PHI_CHI,2026,3,2026-09-29T00:15:00+00:00,CHI,PHI,REG,Home,8,8,1.9889211154535764,0.21922257093076497,0.21922257093076497,"{""changed_or_backup_qb"":true,""head_coach_change"":false,""high_roster_turnover"":false,""major_availability_loss"":false,""weeks_1_4"":true,""weeks_5_18"":false}",1.5464964793228735
2026_04_PIT_CLE,2026,4,2026-10-02T00:15:00+00:00,CLE,PIT,REG,Home,4,4,-0.42291468173497737,-6.503913313675372,-6.503913313675372,"{""changed_or_backup_qb"":true,""head_coach_change"":true,""high_roster_turnover"":false,""major_availability_loss"":false,""weeks_1_4"":true,""weeks_5_18"":false}",-1.943164339720076
2026_04_IND_WAS,2026,4,2026-10-04T13:30:00+00:00,WAS,IND,REG,Neutral,7,7,-1.7362515633695943,-1.7758129906462181,-1.7758129906462181,"{""changed_or_backup_qb"":true,""head_coach_change"":false,""high_roster_turnover"":true,""major_availability_loss"":false,""weeks_1_4"":true,""weeks_5_18"":false}",-1.7461419201887503
2026_04_ARI_NYG,2026,4,2026-10-04T17:00:00+00:00,NYG,ARI,REG,Home,7,7,4.591796241809231,7.348912300773855,7.348912300773855,"{""changed_or_backup_qb"":true,""head_coach_change"":true,""high_roster_turnover"":true,""major_availability_loss"":false,""weeks_1_4"":true,""weeks_5_18"":false}",5.281075256550387
2026_04_DAL_HOU,2026,4,2026-10-04T17:00:00+00:00,HOU,DAL,REG,Home,7,7,5.903670946255427,8.115515307610403,8.115515307610403,"{""changed_or_backup_qb"":true,""head_coach_change"":false,""high_roster_turnover"":false,""major_availability_loss"":false,""weeks_1_4"":true,""weeks_5_18"":false}",6.45663203659417
2026_04_GB_TB,2026,4,2026-10-04T17:00:00+00:00,TB,GB,REG,Home,7,10,0.8284007226948251,-1.5415175690538427,-1.5415175690538427,"{""changed_or_backup_qb"":true,""head_coach_change"":false,""high_roster_turnover"":false,""major_availability_loss"":false,""weeks_1_4"":true,""weeks_5_18"":false}",0.23592114975765816
2026_04_JAX_CIN,2026,4,2026-10-04T17:00:00+00:00,CIN,JAX,REG,Home,7,7,-1.7320431422415439,-4.843679605403925,-4.843679605403925,"{""changed_or_backup_qb"":true,""head_coach_change"":false,""high_roster_turnover"":false,""major_availability_loss"":false,""weeks_1_4"":true,""weeks_5_18"":false}",-2.509952258032139
2026_04_LA_PHI,2026,4,2026-10-04T17:00:00+00:00,PHI,LAR,REG,Home,6,7,0.4721223301125672,-1.6718738616846665,-1.6718738616846665,"{""changed_or_backup_qb"":true,""head_coach_change"":false,""high_roster_turnover"":false,""major_availability_loss"":false,""weeks_1_4"":true,""weeks_5_18"":false}",-0.0638767178367412
2026_04_NE_BUF,2026,4,2026-10-04T17:00:00+00:00,BUF,NE,REG,Home,7,7,1.9754071495395138,-0.5967880065820156,-0.5967880065820156,"{""changed_or_backup_qb"":true,""head_coach_change"":false,""high_roster_turnover"":true,""major_availability_loss"":false,""weeks_1_4"":true,""weeks_5_18"":false}",1.3323583605091314
2026_04_NYJ_CHI,2026,4,2026-10-04T17:00:00+00:00,CHI,NYJ,REG,Home,6,7,8.889451556392315,15.264905562346424,15.264905562346424,"{""changed_or_backup_qb"":true,""head_coach_change"":false,""high_roster_turnover"":true,""major_availability_loss"":false,""weeks_1_4"":true,""weeks_5_18"":false}",10.48331505788084
2026_04_TEN_BAL,2026,4,2026-10-04T17:00:00+00:00,BAL,TEN,REG,Home,7,7,8.90174583153878,13.950828936745097,13.950828936745097,"{""changed_or_backup_qb"":true,""head_coach_change"":true,""high_roster_turnover"":true,""major_availability_loss"":false,""weeks_1_4"":true,""weeks_5_18"":false}",10.16401660784036
2026_04_MIA_MIN,2026,4,2026-10-04T20:05:00+00:00,MIN,MIA,REG,Home,7,7,5.496086310648866,5.208377849882911,5.208377849882911,"{""changed_or_backup_qb"":true,""head_coach_change"":true,""high_roster_turnover"":false,""major_availability_loss"":false,""weeks_1_4"":true,""weeks_5_18"":false}",5.424159195457377
2026_04_DEN_SF,2026,4,2026-10-04T20:25:00+00:00,SF,DEN,REG,Home,7,7,1.9127107485825925,2.348873492614048,2.348873492614048,"{""changed_or_backup_qb"":false,""head_coach_change"":false,""high_roster_turnover"":true,""major_availability_loss"":false,""weeks_1_4"":true,""weeks_5_18"":false}",2.0217514345904566
2026_04_KC_LV,2026,4,2026-10-04T20:25:00+00:00,LV,KC,REG,Home,7,7,-2.168482800323633,-5.677479052377346,-5.677479052377346,"{""changed_or_backup_qb"":true,""head_coach_change"":true,""high_roster_turnover"":true,""major_availability_loss"":false,""weeks_1_4"":true,""weeks_5_18"":false}",-3.0457318633370614
2026_04_LAC_SEA,2026,4,2026-10-04T20:25:00+00:00,SEA,LAC,REG,Home,7,7,6.039817679911351,6.386637576512336,6.386637576512336,"{""changed_or_backup_qb"":true,""head_coach_change"":false,""high_roster_turnover"":false,""major_availability_loss"":false,""weeks_1_4"":true,""weeks_5_18"":false}",6.126522654061597
2026_04_DET_CAR,2026,4,2026-10-05T00:20:00+00:00,CAR,DET,REG,Home,7,7,-1.3617285596479962,-3.409767756848491,-3.409767756848491,"{""changed_or_backup_qb"":true,""head_coach_change"":false,""high_roster_turnover"":false,""major_availability_loss"":false,""weeks_1_4"":true,""weeks_5_18"":false}",-1.8737383589481198
2026_04_ATL_NO,2026,4,2026-10-06T00:15:00+00:00,NO,ATL,REG,Home,8,11,1.7233477827683497,-0.6556930196079322,-0.6556930196079322,"{""changed_or_backup_qb"":true,""head_coach_change"":false,""high_roster_turnover"":false,""major_availability_loss"":false,""weeks_1_4"":true,""weeks_5_18"":false}",1.128587582174279
2026_05_TB_DAL,2026,5,2026-10-09T00:15:00+00:00,DAL,TB,REG,Home,4,4,2.0624097384812075,0.4095724351622103,0.4095724351622103,"{""changed_or_backup_qb"":true,""head_coach_change"":false,""high_roster_turnover"":false,""major_availability_loss"":false,""weeks_1_4"":false,""weeks_5_18"":true}",1.6492004126514581
2026_05_PHI_JAX,2026,5,2026-10-11T13:30:00+00:00,JAX,PHI,REG,Home,7,7,4.1512012830271345,4.422407678870798,4.422407678870798,"{""changed_or_backup_qb"":true,""head_coach_change"":false,""high_roster_turnover"":false,""major_availability_loss"":false,""weeks_1_4"":false,""weeks_5_18"":true}",4.21900288198805
2026_05_CIN_MIA,2026,5,2026-10-11T17:00:00+00:00,MIA,CIN,REG,Home,7,7,1.3300207678184044,-1.127531616613289,-1.127531616613289,"{""changed_or_backup_qb"":true,""head_coach_change"":true,""high_roster_turnover"":false,""major_availability_loss"":false,""weeks_1_4"":false,""weeks_5_18"":true}",0.7156326717104811
2026_05_CLE_NYJ,2026,5,2026-10-11T17:00:00+00:00,NYJ,CLE,REG,Home,7,10,-0.34258348454316545,-5.33274726142232,-5.33274726142232,"{""changed_or_backup_qb"":true,""head_coach_change"":true,""high_roster_turnover"":true,""major_availability_loss"":false,""weeks_1_4"":false,""weeks_5_18"":true}",-1.590124428762954
2026_05_HOU_TEN,2026,5,2026-10-11T17:00:00+00:00,TEN,HOU,REG,Home,7,7,-3.9699980886879302,-8.80815079728278,-8.80815079728278,"{""changed_or_backup_qb"":true,""head_coach_change"":true,""high_roster_turnover"":true,""major_availability_loss"":false,""weeks_1_4"":false,""weeks_5_18"":true}",-5.179536265836642
2026_05_IND_PIT,2026,5,2026-10-11T17:00:00+00:00,PIT,IND,REG,Home,10,7,2.8459444001708074,7.442726482983449,7.442726482983449,"{""changed_or_backup_qb"":false,""head_coach_change"":true,""high_roster_turnover"":false,""major_availability_loss"":false,""weeks_1_4"":false,""weeks_5_18"":true}",3.9951399208739677
2026_05_LV_NE,2026,5,2026-10-11T17:00:00+00:00,NE,LV,REG,Home,7,7,9.962691157042501,15.915299007884403,15.915299007884403,"{""changed_or_backup_qb"":true,""head_coach_change"":true,""high_roster_turnover"":true,""major_availability_loss"":false,""weeks_1_4"":false,""weeks_5_18"":true}",11.450843119752978
2026_05_MIN_NO,2026,5,2026-10-11T17:00:00+00:00,NO,MIN,REG,Home,6,7,0.09450722167254266,-1.1161055995238178,-1.1161055995238178,"{""changed_or_backup_qb"":true,""head_coach_change"":false,""high_roster_turnover"":false,""major_availability_loss"":false,""weeks_1_4"":false,""weeks_5_18"":true}",-0.20814598362654746
2026_05_NYG_WAS,2026,5,2026-10-11T17:00:00+00:00,WAS,NYG,REG,Home,7,7,2.1357792457149563,-1.451719750731241,-1.451719750731241,"{""changed_or_backup_qb"":true,""head_coach_change"":true,""high_roster_turnover"":true,""major_availability_loss"":false,""weeks_1_4"":false,""weeks_5_18"":true}",1.238904496603407
2026_05_DEN_LAC,2026,5,2026-10-11T20:05:00+00:00,LAC,DEN,REG,Home,7,7,1.2356659076973977,-0.28377862856614167,-0.28377862856614167,"{""changed_or_backup_qb"":true,""head_coach_change"":false,""high_roster_turnover"":false,""major_availability_loss"":false,""weeks_1_4"":false,""weeks_5_18"":true}",0.8558047736315129
2026_05_CHI_GB,2026,5,2026-10-11T20:25:00+00:00,GB,CHI,REG,Home,7,7,2.0863725922757625,1.0700454847351504,1.0700454847351504,"{""changed_or_backup_qb"":true,""head_coach_change"":false,""high_roster_turnover"":false,""major_availability_loss"":false,""weeks_1_4"":false,""weeks_5_18"":true}",1.8322908153906095
2026_05_DET_ARI,2026,5,2026-10-11T20:25:00+00:00,ARI,DET,REG,Home,7,7,-2.7283100274119443,-6.837502958209639,-6.837502958209639,"{""changed_or_backup_qb"":true,""head_coach_change"":false,""high_roster_turnover"":true,""major_availability_loss"":false,""weeks_1_4"":false,""weeks_5_18"":true}",-3.7556082601113685
2026_05_SF_SEA,2026,5,2026-10-11T20:25:00+00:00,SEA,SF,REG,Home,7,7,5.362772839026157,3.7539854553321463,3.7539854553321463,"{""changed_or_backup_qb"":true,""head_coach_change"":false,""high_roster_turnover"":true,""major_availability_loss"":false,""weeks_1_4"":false,""weeks_5_18"":true}",4.960575993102654
2026_05_BAL_ATL,2026,5,2026-10-12T00:20:00+00:00,ATL,BAL,REG,Home,6,7,-0.18509819985459197,-3.7979604563104314,-3.7979604563104314,"{""changed_or_backup_qb"":true,""head_coach_change"":true,""high_roster_turnover"":false,""major_availability_loss"":false,""weeks_1_4"":false,""weeks_5_18"":true}",-1.0883137639685518
2026_05_BUF_LA,2026,5,2026-10-13T00:15:00+00:00,LAR,BUF,REG,Home,8,8,3.615400762884535,3.7862917149925166,3.7862917149925166,"{""changed_or_backup_qb"":true,""head_coach_change"":false,""high_roster_turnover"":true,""major_availability_loss"":false,""weeks_1_4"":false,""weeks_5_18"":true}",3.6581235009115303
2026_06_SEA_DEN,2026,6,2026-10-16T00:15:00+00:00,DEN,SEA,REG,Home,4,4,0.2245164123912513,-0.9811564516909215,-0.9811564516909215,"{""changed_or_backup_qb"":true,""head_coach_change"":false,""high_roster_turnover"":false,""major_availability_loss"":false,""weeks_1_4"":false,""weeks_5_18"":true}",-0.07690180362929189
2026_06_HOU_JAX,2026,6,2026-10-18T13:30:00+00:00,JAX,HOU,REG,Neutral,7,7,1.2814261678663368,2.3258835982223265,2.3258835982223265,"{""changed_or_backup_qb"":true,""head_coach_change"":false,""high_roster_turnover"":false,""major_availability_loss"":false,""weeks_1_4"":false,""weeks_5_18"":true}",1.5425405254553342
2026_06_BAL_CLE,2026,6,2026-10-18T17:00:00+00:00,CLE,BAL,REG,Home,7,7,-1.8594698144072188,-8.242310832025211,-8.242310832025211,"{""changed_or_backup_qb"":true,""head_coach_change"":true,""high_roster_turnover"":false,""major_availability_loss"":false,""weeks_1_4"":false,""weeks_5_18"":true}",-3.4551800688117167
2026_06_CAR_PHI,2026,6,2026-10-18T17:00:00+00:00,PHI,CAR,REG,Home,7,14,6.078222257961236,7.21018882603905,7.21018882603905,"{""changed_or_backup_qb"":true,""head_coach_change"":false,""high_roster_turnover"":false,""major_availability_loss"":false,""weeks_1_4"":false,""weeks_5_18"":true}",6.361213899980689
2026_06_CHI_ATL,2026,6,2026-10-18T17:00:00+00:00,ATL,CHI,REG,Home,7,7,0.6275035427034776,-0.5713766669329146,-0.5713766669329146,"{""changed_or_backup_qb"":true,""head_coach_change"":false,""high_roster_turnover"":false,""major_availability_loss"":false,""weeks_1_4"":false,""weeks_5_18"":true}",0.3277834902943796
2026_06_NO_NYG,2026,6,2026-10-18T17:00:00+00:00,NYG,NO,REG,Home,7,7,2.807220075158643,3.8635345907278857,3.8635345907278857,"{""changed_or_backup_qb"":true,""head_coach_change"":true,""high_roster_turnover"":true,""major_availability_loss"":false,""weeks_1_4"":false,""weeks_5_18"":true}",3.0712987040509536
2026_06_NYJ_NE,2026,6,2026-10-18T17:00:00+00:00,NE,NYJ,REG,Home,7,7,10.837600198402122,20.356989806363508,20.356989806363508,"{""changed_or_backup_qb"":true,""head_coach_change"":false,""high_roster_turnover"":true,""major_availability_loss"":false,""weeks_1_4"":false,""weeks_5_18"":true}",13.217447600392468
2026_06_PIT_TB,2026,6,2026-10-18T17:00:00+00:00,TB,PIT,REG,Home,10,7,1.0387267050847595,-3.1879262988141086,-3.1879262988141086,"{""changed_or_backup_qb"":false,""head_coach_change"":true,""high_roster_turnover"":false,""major_availability_loss"":false,""weeks_1_4"":false,""weeks_5_18"":true}",-0.017936545889957523
2026_06_TEN_IND,2026,6,2026-10-18T17:00:00+00:00,IND,TEN,REG,Home,7,7,7.119246298695729,6.682210338809101,6.682210338809101,"{""changed_or_backup_qb"":true,""head_coach_change"":true,""high_roster_turnover"":true,""major_availability_loss"":false,""weeks_1_4"":false,""weeks_5_18"":true}",7.009987308724073
2026_06_ARI_LA,2026,6,2026-10-18T20:05:00+00:00,LAR,ARI,REG,Home,6,7,9.472681395612616,14.359150784468063,14.359150784468063,"{""changed_or_backup_qb"":true,""head_coach_change"":false,""high_roster_turnover"":true,""major_availability_loss"":false,""weeks_1_4"":false,""weeks_5_18"":true}",10.694298742826478
2026_06_BUF_LV,2026,6,2026-10-18T20:25:00+00:00,LV,BUF,REG,Home,7,6,-4.438098306582015,-10.128384759054159,-10.128384759054159,"{""changed_or_backup_qb"":true,""head_coach_change"":true,""high_roster_turnover"":true,""major_availability_loss"":false,""weeks_1_4"":false,""weeks_5_18"":true}",-5.860669919700051
2026_06_LAC_KC,2026,6,2026-10-18T20:25:00+00:00,KC,LAC,REG,Home,14,7,1.880619285502743,0.7148891559026833,0.7148891559026833,"{""changed_or_backup_qb"":true,""head_coach_change"":false,""high_roster_turnover"":false,""major_availability_loss"":false,""weeks_1_4"":false,""weeks_5_18"":true}",1.5891867531027282
2026_06_DAL_GB,2026,6,2026-10-19T00:20:00+00:00,GB,DAL,REG,Home,7,10,4.609189538823967,5.843105154189176,5.843105154189176,"{""changed_or_backup_qb"":true,""head_coach_change"":false,""high_roster_turnover"":false,""major_availability_loss"":false,""weeks_1_4"":false,""weeks_5_18"":true}",4.91766844266527
2026_06_WAS_SF,2026,6,2026-10-20T00:15:00+00:00,SF,WAS,REG,Home,8,8,5.656515194327965,9.450426661658012,9.450426661658012,"{""changed_or_backup_qb"":true,""head_coach_change"":false,""high_roster_turnover"":true,""major_availability_loss"":false,""weeks_1_4"":false,""weeks_5_18"":true}",6.604993061160476
2026_07_NE_CHI,2026,7,2026-10-23T00:15:00+00:00,CHI,NE,REG,Home,4,4,0.5518513579901922,-3.3164263326057193,-3.3164263326057193,"{""changed_or_backup_qb"":true,""head_coach_change"":false,""high_roster_turnover"":false,""major_availability_loss"":false,""weeks_1_4"":false,""weeks_5_18"":true}",-0.41521806465878563
2026_07_PIT_NO,2026,7,2026-10-25T13:30:00+00:00,NO,PIT,REG,Neutral,7,7,-2.025195284414001,-6.303380579392173,-6.303380579392173,"{""changed_or_backup_qb"":false,""head_coach_change"":true,""high_roster_turnover"":false,""major_availability_loss"":false,""weeks_1_4"":false,""weeks_5_18"":true}",-3.094741608158544
2026_07_CIN_BAL,2026,7,2026-10-25T17:00:00+00:00,BAL,CIN,REG,Home,7,14,5.382364717226055,6.7341566497346195,6.7341566497346195,"{""changed_or_backup_qb"":false,""head_coach_change"":true,""high_roster_turnover"":false,""major_availability_loss"":false,""weeks_1_4"":false,""weeks_5_18"":true}",5.720312700353197
2026_07_CLE_TEN,2026,7,2026-10-25T17:00:00+00:00,TEN,CLE,REG,Home,7,7,0.45772398286844096,-0.5868156084646139,-0.5868156084646139,"{""changed_or_backup_qb"":true,""head_coach_change"":true,""high_roster_turnover"":true,""major_availability_loss"":false,""weeks_1_4"":false,""weeks_5_18"":true}",0.19658908503517725
2026_07_IND_MIN,2026,7,2026-10-25T17:00:00+00:00,MIN,IND,REG,Home,14,7,3.2262418940842643,4.6153081814710015,4.6153081814710015,"{""changed_or_backup_qb"":true,""head_coach_change"":false,""high_roster_turnover"":false,""major_availability_loss"":false,""weeks_1_4"":false,""weeks_5_18"":true}",3.5735084659309484
2026_07_MIA_NYJ,2026,7,2026-10-25T17:00:00+00:00,NYJ,MIA,REG,Home,7,14,-0.649709349542734,-7.215332754539184,-7.215332754539184,"{""changed_or_backup_qb"":true,""head_coach_change"":true,""high_roster_turnover"":true,""major_availability_loss"":false,""weeks_1_4"":false,""weeks_5_18"":true}",-2.2911152007918467
2026_07_NYG_HOU,2026,7,2026-10-25T17:00:00+00:00,HOU,NYG,REG,Home,7,7,5.722782599076751,5.417150754266883,5.417150754266883,"{""changed_or_backup_qb"":true,""head_coach_change"":true,""high_roster_turnover"":true,""major_availability_loss"":false,""weeks_1_4"":false,""weeks_5_18"":true}",5.646374637874285
2026_07_SF_ATL,2026,7,2026-10-25T17:00:00+00:00,ATL,SF,REG,Home,7,6,0.17713770203008616,-2.8072251469405134,-2.8072251469405134,"{""changed_or_backup_qb"":true,""head_coach_change"":false,""high_roster_turnover"":true,""major_availability_loss"":false,""weeks_1_4"":false,""weeks_5_18"":true}",-0.5689530102125637
2026_07_TB_CAR,2026,7,2026-10-25T17:00:00+00:00,CAR,TB,REG,Home,7,7,1.5180833116146,0.8939940545114519,0.8939940545114519,"{""changed_or_backup_qb"":true,""head_coach_change"":false,""high_roster_turnover"":false,""major_availability_loss"":false,""weeks_1_4"":false,""weeks_5_18"":true}",1.362060997338813
2026_07_DEN_ARI,2026,7,2026-10-25T20:05:00+00:00,ARI,DEN,REG,Home,7,10,-2.971379933269559,-8.082314460810169,-8.082314460810169,"{""changed_or_backup_qb"":true,""head_coach_change"":false,""high_roster_turnover"":true,""major_availability_loss"":false,""weeks_1_4"":false,""weeks_5_18"":true}",-4.249113565154712
2026_07_GB_DET,2026,7,2026-10-25T20:25:00+00:00,DET,GB,REG,Home,14,7,3.708212593957421,3.4464817022356486,3.4464817022356486,"{""changed_or_backup_qb"":true,""head_coach_change"":false,""high_roster_turnover"":false,""major_availability_loss"":false,""weeks_1_4"":false,""weeks_5_18"":true}",3.6427798710269776
2026_07_LA_LV,2026,7,2026-10-25T20:25:00+00:00,LV,LAR,REG,Home,7,7,-5.55349906946655,-12.2758660546212,-12.2758660546212,"{""changed_or_backup_qb"":true,""head_coach_change"":true,""high_roster_turnover"":true,""major_availability_loss"":false,""weeks_1_4"":false,""weeks_5_18"":true}",-7.234090815755213
2026_07_KC_SEA,2026,7,2026-10-26T00:20:00+00:00,SEA,KC,REG,Home,10,7,6.659198394408608,8.063220045957628,8.063220045957628,"{""changed_or_backup_qb"":true,""head_coach_change"":false,""high_roster_turnover"":false,""major_availability_loss"":false,""weeks_1_4"":false,""weeks_5_18"":true}",7.010203807295863
2026_07_DAL_PHI,2026,7,2026-10-27T00:15:00+00:00,PHI,DAL,REG,Home,8,8,5.533895831094629,8.173576667338972,8.173576667338972,"{""changed_or_backup_qb"":true,""head_coach_change"":false,""high_roster_turnover"":false,""major_availability_loss"":false,""weeks_1_4"":false,""weeks_5_18"":true}",6.193816040155715
2026_08_CAR_GB,2026,8,2026-10-30T00:15:00+00:00,GB,CAR,REG,Home,4,4,5.153515965690575,5.5639547728188,5.5639547728188,"{""changed_or_backup_qb"":true,""head_coach_change"":false,""high_roster_turnover"":false,""major_availability_loss"":false,""weeks_1_4"":false,""weeks_5_18"":true}",5.256125667472631
2026_08_ARI_DAL,2026,8,2026-11-01T18:00:00+00:00,DAL,ARI,REG,Home,6,7,4.410907894630555,4.582124001437379,4.582124001437379,"{""changed_or_backup_qb"":true,""head_coach_change"":false,""high_roster_turnover"":true,""major_availability_loss"":false,""weeks_1_4"":false,""weeks_5_18"":true}",4.453711921332261
2026_08_ATL_TB,2026,8,2026-11-01T18:00:00+00:00,TB,ATL,REG,Home,7,7,2.28726977226711,0.3051758205930873,0.3051758205930873,"{""changed_or_backup_qb"":true,""head_coach_change"":false,""high_roster_turnover"":false,""major_availability_loss"":false,""weeks_1_4"":false,""weeks_5_18"":true}",1.7917462843486043
2026_08_BAL_BUF,2026,8,2026-11-01T18:00:00+00:00,BUF,BAL,REG,Home,14,7,3.1109540489912515,1.7476786700082532,1.7476786700082532,"{""changed_or_backup_qb"":true,""head_coach_change"":true,""high_roster_turnover"":true,""major_availability_loss"":false,""weeks_1_4"":false,""weeks_5_18"":true}",2.770135204245502
2026_08_CLE_PIT,2026,8,2026-11-01T18:00:00+00:00,PIT,CLE,REG,Home,7,7,5.422914681734977,9.918381644512221,9.918381644512221,"{""changed_or_backup_qb"":true,""head_coach_change"":true,""high_roster_turnover"":false,""major_availability_loss"":false,""weeks_1_4"":false,""weeks_5_18"":true}",6.546781422429289
2026_08_IND_JAX,2026,8,2026-11-01T18:00:00+00:00,JAX,IND,REG,Home,14,7,5.632177957858538,10.499844049860581,10.499844049860581,"{""changed_or_backup_qb"":true,""head_coach_change"":false,""high_roster_turnover"":false,""major_availability_loss"":false,""weeks_1_4"":false,""weeks_5_18"":true}",6.849094480859049
2026_08_LV_NYJ,2026,8,2026-11-01T18:00:00+00:00,NYJ,LV,REG,Home,7,7,1.6250909586403788,-2.734456633060699,-2.734456633060699,"{""changed_or_backup_qb"":true,""head_coach_change"":true,""high_roster_turnover"":true,""major_availability_loss"":false,""weeks_1_4"":false,""weeks_5_18"":true}",0.5352040607151093
2026_08_MIN_DET,2026,8,2026-11-01T18:00:00+00:00,DET,MIN,REG,Home,7,7,3.538241082433899,4.011677560051234,4.011677560051234,"{""changed_or_backup_qb"":true,""head_coach_change"":false,""high_roster_turnover"":false,""major_availability_loss"":false,""weeks_1_4"":false,""weeks_5_18"":true}",3.656600201838233
2026_08_TEN_CIN,2026,8,2026-11-01T18:00:00+00:00,CIN,TEN,REG,Home,7,7,6.019381114312723,8.44494023047822,8.44494023047822,"{""changed_or_backup_qb"":true,""head_coach_change"":true,""high_roster_turnover"":true,""major_availability_loss"":false,""weeks_1_4"":false,""weeks_5_18"":true}",6.6257708933540975
2026_08_LAC_LA,2026,8,2026-11-01T21:05:00+00:00,LAR,LAC,REG,Home,7,14,5.26563555464566,6.355343714245172,6.355343714245172,"{""changed_or_backup_qb"":true,""head_coach_change"":false,""high_roster_turnover"":false,""major_availability_loss"":false,""weeks_1_4"":false,""weeks_5_18"":true}",5.538062594545538
2026_08_KC_DEN,2026,8,2026-11-01T21:25:00+00:00,DEN,KC,REG,Home,7,7,4.383714806799859,5.169558190869417,5.169558190869417,"{""changed_or_backup_qb"":true,""head_coach_change"":false,""high_roster_turnover"":false,""major_availability_loss"":false,""weeks_1_4"":false,""weeks_5_18"":true}",4.580175652817249
2026_08_NE_MIA,2026,8,2026-11-01T21:25:00+00:00,MIA,NE,REG,Home,7,10,-2.6878908488593884,-8.704192015498613,-8.704192015498613,"{""changed_or_backup_qb"":true,""head_coach_change"":true,""high_roster_turnover"":false,""major_availability_loss"":false,""weeks_1_4"":false,""weeks_5_18"":true}",-4.191966140519194
2026_08_PHI_WAS,2026,8,2026-11-02T01:20:00+00:00,WAS,PHI,REG,Home,13,6,-0.7172282382009971,-4.740731477357587,-4.740731477357587,"{""changed_or_backup_qb"":true,""head_coach_change"":false,""high_roster_turnover"":true,""major_availability_loss"":false,""weeks_1_4"":false,""weeks_5_18"":true}",-1.7231040479901445
2026_08_CHI_SEA,2026,8,2026-11-03T01:15:00+00:00,SEA,CHI,REG,Home,8,11,5.813138679699548,5.852986443353836,5.852986443353836,"{""changed_or_backup_qb"":true,""head_coach_change"":false,""high_roster_turnover"":false,""major_availability_loss"":false,""weeks_1_4"":false,""weeks_5_18"":true}",5.823100620613119
2026_09_JAX_BAL,2026,9,2026-11-06T01:15:00+00:00,BAL,JAX,REG,Home,4,4,1.1503215749845113,0.6622091008629504,0.6622091008629504,"{""changed_or_backup_qb"":true,""head_coach_change"":true,""high_roster_turnover"":false,""major_availability_loss"":false,""weeks_1_4"":false,""weeks_5_18"":true}",1.028293456454121
2026_09_CIN_ATL,2026,9,2026-11-08T14:30:00+00:00,ATL,CIN,REG,Neutral,7,7,0.19726651737146284,-0.37823344442764306,-0.37823344442764306,"{""changed_or_backup_qb"":true,""head_coach_change"":false,""high_roster_turnover"":false,""major_availability_loss"":false,""weeks_1_4"":false,""weeks_5_18"":true}",0.05339152692168636
2026_09_CLE_NO,2026,9,2026-11-08T18:00:00+00:00,NO,CLE,REG,Home,14,7,3.3977193973209765,4.541318562029352,4.541318562029352,"{""changed_or_backup_qb"":true,""head_coach_change"":true,""high_roster_turnover"":false,""major_availability_loss"":false,""weeks_1_4"":false,""weeks_5_18"":true}",3.6836191884980707
2026_09_DAL_IND,2026,9,2026-11-08T18:00:00+00:00,IND,DAL,REG,Home,7,7,4.052919156263226,2.575106518299878,2.575106518299878,"{""changed_or_backup_qb"":true,""head_coach_change"":false,""high_roster_turnover"":false,""major_availability_loss"":false,""weeks_1_4"":false,""weeks_5_18"":true}",3.6834659967723886
2026_09_DEN_CAR,2026,9,2026-11-08T18:00:00+00:00,CAR,DEN,REG,Home,10,7,-1.6047984655056116,-4.244036783491289,-4.244036783491289,"{""changed_or_backup_qb"":true,""head_coach_change"":false,""high_roster_turnover"":false,""major_availability_loss"":false,""weeks_1_4"":false,""weeks_5_18"":true}",-2.264608045002031
2026_09_DET_MIA,2026,9,2026-11-08T18:00:00+00:00,MIA,DET,REG,Home,7,7,-1.5343273930827648,-4.09835291367887,-4.09835291367887,"{""changed_or_backup_qb"":true,""head_coach_change"":true,""high_roster_turnover"":false,""major_availability_loss"":false,""weeks_1_4"":false,""weeks_5_18"":true}",-2.175333773231791
2026_09_LA_WAS,2026,9,2026-11-08T18:00:00+00:00,WAS,LAR,REG,Home,7,7,-2.74510590808843,-8.530381980418408,-8.530381980418408,"{""changed_or_backup_qb"":true,""head_coach_change"":false,""high_roster_turnover"":true,""major_availability_loss"":false,""weeks_1_4"":false,""weeks_5_18"":true}",-4.191424926170924
2026_09_NYG_PHI,2026,9,2026-11-08T18:00:00+00:00,PHI,NYG,REG,Home,7,14,5.353007483915953,4.996245892044768,4.996245892044768,"{""changed_or_backup_qb"":true,""head_coach_change"":true,""high_roster_turnover"":true,""major_availability_loss"":false,""weeks_1_4"":false,""weeks_5_18"":true}",5.2638170859481574
2026_09_NYJ_KC,2026,9,2026-11-08T18:00:00+00:00,KC,NYJ,REG,Home,7,7,8.043391841683254,13.533638181693316,13.533638181693316,"{""changed_or_backup_qb"":true,""head_coach_change"":false,""high_roster_turnover"":true,""major_availability_loss"":false,""weeks_1_4"":false,""weeks_5_18"":true}",9.415953426685771
2026_09_HOU_LAC,2026,9,2026-11-08T21:05:00+00:00,LAC,HOU,REG,Home,7,14,1.3924670000809751,-0.5300621864709847,-0.5300621864709847,"{""changed_or_backup_qb"":true,""head_coach_change"":false,""high_roster_turnover"":false,""major_availability_loss"":false,""weeks_1_4"":false,""weeks_5_18"":true}",0.9118347034429852
2026_09_LV_SF,2026,9,2026-11-08T21:05:00+00:00,SF,LV,REG,Home,14,7,8.464908355706084,13.674876957811492,13.674876957811492,"{""changed_or_backup_qb"":true,""head_coach_change"":true,""high_roster_turnover"":true,""major_availability_loss"":false,""weeks_1_4"":false,""weeks_5_18"":true}",9.767400506232436
2026_09_ARI_SEA,2026,9,2026-11-08T21:25:00+00:00,SEA,ARI,REG,Home,6,7,10.246863520878307,13.911478424784544,13.911478424784544,"{""changed_or_backup_qb"":true,""head_coach_change"":false,""high_roster_turnover"":true,""major_availability_loss"":false,""weeks_1_4"":false,""weeks_5_18"":true}",11.163017246854867
2026_09_GB_NE,2026,9,2026-11-08T21:25:00+00:00,NE,GB,REG,Home,7,10,4.861776049734045,7.162812106146978,7.162812106146978,"{""changed_or_backup_qb"":true,""head_coach_change"":false,""high_roster_turnover"":false,""major_availability_loss"":false,""weeks_1_4"":false,""weeks_5_18"":true}",5.437035063837278
2026_09_TB_CHI,2026,9,2026-11-09T01:20:00+00:00,CHI,TB,REG,Home,6,7,4.585226685029412,5.3194795966021475,5.3194795966021475,"{""changed_or_backup_qb"":true,""head_coach_change"":false,""high_roster_turnover"":false,""major_availability_loss"":false,""weeks_1_4"":false,""weeks_5_18"":true}",4.768789912922596
2026_09_BUF_MIN,2026,9,2026-11-10T01:15:00+00:00,MIN,BUF,REG,Home,8,8,0.8327883122499635,-2.6937549210548233,-2.6937549210548233,"{""changed_or_backup_qb"":true,""head_coach_change"":false,""high_roster_turnover"":true,""major_availability_loss"":false,""weeks_1_4"":false,""weeks_5_18"":true}",-0.04884749607623318
2026_10_WAS_NYG,2026,10,2026-11-13T01:15:00+00:00,NYG,WAS,REG,Home,4,4,2.8642207542850437,4.866188081568089,4.866188081568089,"{""changed_or_backup_qb"":true,""head_coach_change"":true,""high_roster_turnover"":true,""major_availability_loss"":false,""weeks_1_4"":false,""weeks_5_18"":true}",3.3647125861058056
2026_10_NE_DET,2026,10,2026-11-15T14:30:00+00:00,DET,NE,REG,Neutral,7,7,-1.153563455776624,-4.847919138799499,-4.847919138799499,"{""changed_or_backup_qb"":false,""head_coach_change"":false,""high_roster_turnover"":false,""major_availability_loss"":false,""weeks_1_4"":false,""weeks_5_18"":true}",-2.077152376532343
2026_10_BUF_NYJ,2026,10,2026-11-15T18:00:00+00:00,NYJ,BUF,REG,Home,7,6,-5.313007347941636,-14.570075557533277,-14.570075557533277,"{""changed_or_backup_qb"":true,""head_coach_change"":false,""high_roster_turnover"":true,""major_availability_loss"":false,""weeks_1_4"":false,""weeks_5_18"":true}",-7.627274400339546
2026_10_CAR_NO,2026,10,2026-11-15T18:00:00+00:00,NO,CAR,REG,Home,7,7,2.91799469888664,1.7648766741032436,1.7648766741032436,"{""changed_or_backup_qb"":true,""head_coach_change"":false,""high_roster_turnover"":false,""major_availability_loss"":false,""weeks_1_4"":false,""weeks_5_18"":true}",2.629715192690791
2026_10_HOU_CLE,2026,10,2026-11-15T18:00:00+00:00,CLE,HOU,REG,Home,7,7,-1.9277220715563708,-6.514101023399738,-6.514101023399738,"{""changed_or_backup_qb"":true,""head_coach_change"":true,""high_roster_turnover"":false,""major_availability_loss"":false,""weeks_1_4"":false,""weeks_5_18"":true}",-3.074316809517213
2026_10_JAX_TEN,2026,10,2026-11-15T18:00:00+00:00,TEN,JAX,REG,Home,14,10,-5.251424256554267,-11.307690686491906,-11.307690686491906,"{""changed_or_backup_qb"":true,""head_coach_change"":true,""high_roster_turnover"":true,""major_availability_loss"":false,""weeks_1_4"":false,""weeks_5_18"":true}",-6.765490864038677
2026_10_KC_ATL,2026,10,2026-11-15T18:00:00+00:00,ATL,KC,REG,Home,7,7,1.473563257412538,1.228314459713147,1.228314459713147,"{""changed_or_backup_qb"":true,""head_coach_change"":false,""high_roster_turnover"":false,""major_availability_loss"":false,""weeks_1_4"":false,""weeks_5_18"":true}",1.4122510579876901
2026_10_MIA_IND,2026,10,2026-11-15T18:00:00+00:00,IND,MIA,REG,Home,7,7,4.7698444165646015,2.779270055781017,2.779270055781017,"{""changed_or_backup_qb"":true,""head_coach_change"":true,""high_roster_turnover"":false,""major_availability_loss"":false,""weeks_1_4"":false,""weeks_5_18"":true}",4.272200826368705
2026_10_MIN_GB,2026,10,2026-11-15T18:00:00+00:00,GB,MIN,REG,Home,7,6,2.3300284884764775,2.819819991177649,2.819819991177649,"{""changed_or_backup_qb"":true,""head_coach_change"":false,""high_roster_turnover"":false,""major_availability_loss"":false,""weeks_1_4"":false,""weeks_5_18"":true}",2.4524763641517704
2026_10_LA_ARI,2026,10,2026-11-15T21:05:00+00:00,ARI,LAR,REG,Home,7,7,-4.472681395612616,-11.01310619962417,-11.01310619962417,"{""changed_or_backup_qb"":true,""head_coach_change"":false,""high_roster_turnover"":true,""major_availability_loss"":false,""weeks_1_4"":false,""weeks_5_18"":true}",-6.107787596615505
2026_10_SEA_LV,2026,10,2026-11-15T21:05:00+00:00,LV,SEA,REG,Home,7,7,-6.327681194732241,-11.828193694937681,-11.828193694937681,"{""changed_or_backup_qb"":true,""head_coach_change"":true,""high_roster_turnover"":true,""major_availability_loss"":false,""weeks_1_4"":false,""weeks_5_18"":true}",-7.702809319783601
2026_10_SF_DAL,2026,10,2026-11-15T21:25:00+00:00,DAL,SF,REG,Home,7,7,-0.47318278722159635,-5.5753689680150185,-5.5753689680150185,"{""changed_or_backup_qb"":true,""head_coach_change"":false,""high_roster_turnover"":true,""major_availability_loss"":false,""weeks_1_4"":false,""weeks_5_18"":true}",-1.748729332419952
2026_10_PIT_CIN,2026,10,2026-11-16T01:20:00+00:00,CIN,PIT,REG,Home,7,14,1.0541904154461867,-2.539223244449299,-2.539223244449299,"{""changed_or_backup_qb"":false,""head_coach_change"":true,""high_roster_turnover"":false,""major_availability_loss"":false,""weeks_1_4"":false,""weeks_5_18"":true}",0.1558370004723153
2026_10_LAC_BAL,2026,10,2026-11-17T01:15:00+00:00,BAL,LAC,REG,Home,11,8,3.539280742769873,5.399045341961488,5.399045341961488,"{""changed_or_backup_qb"":true,""head_coach_change"":true,""high_roster_turnover"":false,""major_availability_loss"":false,""weeks_1_4"":false,""weeks_5_18"":true}",4.004221892567777
2026_11_IND_HOU,2026,11,2026-11-20T01:15:00+00:00,HOU,IND,REG,Home,4,4,4.350751789992201,7.247642954728949,7.247642954728949,"{""changed_or_backup_qb"":false,""head_coach_change"":false,""high_roster_turnover"":false,""major_availability_loss"":false,""weeks_1_4"":false,""weeks_5_18"":true}",5.074974581176388
2026_11_ARI_KC,2026,11,2026-11-22T18:00:00+00:00,KC,ARI,REG,Home,7,7,6.0876651264697,7.82918752821716,7.82918752821716,"{""changed_or_backup_qb"":true,""head_coach_change"":false,""high_roster_turnover"":true,""major_availability_loss"":false,""weeks_1_4"":false,""weeks_5_18"":true}",6.523045726906565
2026_11_BAL_CAR,2026,11,2026-11-22T18:00:00+00:00,CAR,BAL,REG,Home,7,6,-1.3797451159728822,-5.876411420056831,-5.876411420056831,"{""changed_or_backup_qb"":true,""head_coach_change"":true,""high_roster_turnover"":false,""major_availability_loss"":false,""weeks_1_4"":false,""weeks_5_18"":true}",-2.5039116919938693
2026_11_JAX_NYG,2026,11,2026-11-22T18:00:00+00:00,NYG,JAX,REG,Home,10,7,-2.004208766943089,-4.570646058632115,-4.570646058632115,"{""changed_or_backup_qb"":true,""head_coach_change"":true,""high_roster_turnover"":true,""major_availability_loss"":false,""weeks_1_4"":false,""weeks_5_18"":true}",-2.6458180898653456
2026_11_MIA_BUF,2026,11,2026-11-22T18:00:00+00:00,BUF,MIA,REG,Home,7,7,7.163297998398902,9.609366936356157,9.609366936356157,"{""changed_or_backup_qb"":true,""head_coach_change"":true,""high_roster_turnover"":true,""major_availability_loss"":false,""weeks_1_4"":false,""weeks_5_18"":true}",7.774815232888216
2026_11_NO_CHI,2026,11,2026-11-22T18:00:00+00:00,CHI,NO,REG,Home,14,7,5.149148674528172,6.622467166767941,6.622467166767941,"{""changed_or_backup_qb"":true,""head_coach_change"":false,""high_roster_turnover"":false,""major_availability_loss"":false,""weeks_1_4"":false,""weeks_5_18"":true}",5.517478297588115
2026_11_TB_DET,2026,11,2026-11-22T18:00:00+00:00,DET,TB,REG,Home,7,14,5.379811871262596,5.532029754827681,5.532029754827681,"{""changed_or_backup_qb"":false,""head_coach_change"":false,""high_roster_turnover"":false,""major_availability_loss"":false,""weeks_1_4"":false,""weeks_5_18"":true}",5.417866342153868
2026_11_TEN_DAL,2026,11,2026-11-22T18:00:00+00:00,DAL,TEN,REG,Home,7,7,5.566327142432503,5.814337985927649,5.814337985927649,"{""changed_or_backup_qb"":true,""head_coach_change"":true,""high_roster_turnover"":true,""major_availability_loss"":false,""weeks_1_4"":false,""weeks_5_18"":true}",5.62832985330629
2026_11_NYJ_LAC,2026,11,2026-11-22T21:05:00+00:00,LAC,NYJ,REG,Home,6,7,8.662772556180512,14.936525667166787,14.936525667166787,"{""changed_or_backup_qb"":true,""head_coach_change"":false,""high_roster_turnover"":true,""major_availability_loss"":false,""weeks_1_4"":false,""weeks_5_18"":true}",10.23121083392708
2026_11_LV_DEN,2026,11,2026-11-22T21:25:00+00:00,DEN,LV,REG,Home,14,7,9.052197607123492,13.033237630615863,13.033237630615863,"{""changed_or_backup_qb"":true,""head_coach_change"":true,""high_roster_turnover"":true,""major_availability_loss"":false,""weeks_1_4"":false,""weeks_5_18"":true}",10.047457612996585
2026_11_PIT_PHI,2026,11,2026-11-22T21:25:00+00:00,PHI,PIT,REG,Home,14,7,3.6350322746605954,2.2544494568220466,2.2544494568220466,"{""changed_or_backup_qb"":true,""head_coach_change"":true,""high_roster_turnover"":false,""major_availability_loss"":false,""weeks_1_4"":false,""weeks_5_18"":true}",3.289886570200958
2026_11_MIN_SF,2026,11,2026-11-23T01:20:00+00:00,SF,MIN,REG,Neutral,7,7,0.6940217368741064,3.5382717114914763,3.5382717114914763,"{""changed_or_backup_qb"":true,""head_coach_change"":false,""high_roster_turnover"":true,""major_availability_loss"":false,""weeks_1_4"":false,""weeks_5_18"":true}",1.4050842305284488
2026_11_CIN_WAS,2026,11,2026-11-24T01:15:00+00:00,WAS,CIN,REG,Home,11,8,1.8636136210134115,-1.178686203959429,-1.178686203959429,"{""changed_or_backup_qb"":true,""head_coach_change"":false,""high_roster_turnover"":true,""major_availability_loss"":false,""weeks_1_4"":false,""weeks_5_18"":true}",1.1030386647702015
2026_12_GB_LA,2026,12,2026-11-26T01:00:00+00:00,LAR,GB,REG,Home,10,10,5.452583962158094,7.143118721699494,7.143118721699494,"{""changed_or_backup_qb"":true,""head_coach_change"":false,""high_roster_turnover"":false,""major_availability_loss"":false,""weeks_1_4"":false,""weeks_5_18"":true}",5.875217652043444
2026_12_CHI_DET,2026,12,2026-11-26T18:00:00+00:00,DET,CHI,REG,Home,4,4,3.294585186233184,2.3303267996016905,2.3303267996016905,"{""changed_or_backup_qb"":true,""head_coach_change"":false,""high_roster_turnover"":false,""major_availability_loss"":false,""weeks_1_4"":false,""weeks_5_18"":true}",3.0535205895753106
2026_12_PHI_DAL,2026,12,2026-11-26T21:30:00+00:00,DAL,PHI,REG,Home,4,4,-0.5338958310946285,-4.759108336502124,-4.759108336502124,"{""changed_or_backup_qb"":true,""head_coach_change"":false,""high_roster_turnover"":false,""major_availability_loss"":false,""weeks_1_4"":false,""weeks_5_18"":true}",-1.5901989574465025
2026_12_KC_BUF,2026,12,2026-11-27T01:20:00+00:00,BUF,KC,REG,Home,4,4,4.769615506258382,6.226563618088192,6.226563618088192,"{""changed_or_backup_qb"":true,""head_coach_change"":false,""high_roster_turnover"":true,""major_availability_loss"":false,""weeks_1_4"":false,""weeks_5_18"":true}",5.133852534215834
2026_12_DEN_PIT,2026,12,2026-11-27T20:00:00+00:00,PIT,DEN,REG,Home,5,5,0.8383915177950292,1.4643637916482173,1.4643637916482173,"{""changed_or_backup_qb"":false,""head_coach_change"":true,""high_roster_turnover"":false,""major_availability_loss"":false,""weeks_1_4"":false,""weeks_5_18"":true}",0.9948845862583262
2026_12_ATL_MIN,2026,12,2026-11-29T18:00:00+00:00,MIN,ATL,REG,Home,7,14,4.128840561095807,1.8255280153695348,1.8255280153695348,"{""changed_or_backup_qb"":true,""head_coach_change"":false,""high_roster_turnover"":false,""major_availability_loss"":false,""weeks_1_4"":false,""weeks_5_18"":true}",3.5530124246642396
2026_12_BAL_HOU,2026,12,2026-11-29T18:00:00+00:00,HOU,BAL,REG,Home,10,7,2.568252257149152,0.18429559477181706,0.18429559477181706,"{""changed_or_backup_qb"":false,""head_coach_change"":true,""high_roster_turnover"":false,""major_availability_loss"":false,""weeks_1_4"":false,""weeks_5_18"":true}",1.9722630915548183
2026_12_LV_CLE,2026,12,2026-11-29T18:00:00+00:00,CLE,LV,REG,Home,14,7,4.467674443183544,4.579219777751865,4.579219777751865,"{""changed_or_backup_qb"":true,""head_coach_change"":true,""high_roster_turnover"":true,""major_availability_loss"":false,""weeks_1_4"":false,""weeks_5_18"":true}",4.495560776825624
2026_12_NO_CIN,2026,12,2026-11-29T18:00:00+00:00,CIN,NO,REG,Home,6,7,3.0793856998601874,3.7273485359419833,3.7273485359419833,"{""changed_or_backup_qb"":false,""head_coach_change"":false,""high_roster_turnover"":false,""major_availability_loss"":false,""weeks_1_4"":false,""weeks_5_18"":true}",3.2413764088806363
2026_12_NYG_IND,2026,12,2026-11-29T18:00:00+00:00,IND,NYG,REG,Home,10,7,3.8720308090845506,0.08201320293522141,0.08201320293522141,"{""changed_or_backup_qb"":true,""head_coach_change"":true,""high_roster_turnover"":true,""major_availability_loss"":false,""weeks_1_4"":false,""weeks_5_18"":true}",2.9245264075472184
2026_12_NYJ_MIA,2026,12,2026-11-29T18:00:00+00:00,MIA,NYJ,REG,Home,7,7,5.649709349542734,10.150834863425349,10.150834863425349,"{""changed_or_backup_qb"":true,""head_coach_change"":true,""high_roster_turnover"":true,""major_availability_loss"":false,""weeks_1_4"":false,""weeks_5_18"":true}",6.774990728013388
2026_12_TEN_JAX,2026,12,2026-11-29T21:05:00+00:00,JAX,TEN,REG,Home,7,7,10.251424256554266,14.995854001300575,14.995854001300575,"{""changed_or_backup_qb"":true,""head_coach_change"":true,""high_roster_turnover"":true,""major_availability_loss"":false,""weeks_1_4"":false,""weeks_5_18"":true}",11.437531692740844
2026_12_SEA_SF,2026,12,2026-11-29T21:25:00+00:00,SF,SEA,REG,Home,7,14,-0.3627728390261562,-0.8184833464459826,-0.8184833464459826,"{""changed_or_backup_qb"":true,""head_coach_change"":false,""high_roster_turnover"":true,""major_availability_loss"":false,""weeks_1_4"":false,""weeks_5_18"":true}",-0.4767004658811128
2026_12_WAS_ARI,2026,12,2026-11-29T21:25:00+00:00,ARI,WAS,REG,Home,7,6,0.7724245124758133,-0.7070663077943826,-0.7070663077943826,"{""changed_or_backup_qb"":true,""head_coach_change"":false,""high_roster_turnover"":true,""major_availability_loss"":false,""weeks_1_4"":false,""weeks_5_18"":true}",0.40255180740826435
2026_12_NE_LAC,2026,12,2026-11-30T01:20:00+00:00,LAC,NE,REG,Home,7,14,0.32517235777838893,-4.12377244973604,-4.12377244973604,"{""changed_or_backup_qb"":true,""head_coach_change"":false,""high_roster_turnover"":false,""major_availability_loss"":false,""weeks_1_4"":false,""weeks_5_18"":true}",-0.7870638441002183
2026_12_CAR_TB,2026,12,2026-12-01T01:15:00+00:00,TB,CAR,REG,Home,8,8,3.4819166883854002,2.5204742763253973,2.5204742763253973,"{""changed_or_backup_qb"":true,""head_coach_change"":false,""high_roster_turnover"":false,""major_availability_loss"":false,""weeks_1_4"":false,""weeks_5_18"":true}",3.2415560853703997
2026_13_KC_LA,2026,13,2026-12-04T01:15:00+00:00,LAR,KC,REG,Home,8,7,5.885016269142916,8.374044913655235,8.374044913655235,"{""changed_or_backup_qb"":true,""head_coach_change"":false,""high_roster_turnover"":false,""major_availability_loss"":false,""weeks_1_4"":false,""weeks_5_18"":true}",6.507273430270995
2026_13_CIN_CLE,2026,13,2026-12-06T18:00:00+00:00,CLE,CIN,REG,Home,7,7,1.0228949028188359,-2.736422125758334,-2.736422125758334,"{""changed_or_backup_qb"":true,""head_coach_change"":true,""high_roster_turnover"":false,""major_availability_loss"":false,""weeks_1_4"":false,""weeks_5_18"":true}",0.08306564567454344
2026_13_DET_ATL,2026,13,2026-12-06T18:00:00+00:00,ATL,DET,REG,Home,7,10,-0.167081643529706,-1.3997405390950444,-1.3997405390950444,"{""changed_or_backup_qb"":true,""head_coach_change"":false,""high_roster_turnover"":false,""major_availability_loss"":false,""weeks_1_4"":false,""weeks_5_18"":true}",-0.4752463674210406
2026_13_GB_NO,2026,13,2026-12-06T18:00:00+00:00,NO,GB,REG,Home,7,11,0.26447873319606474,-2.365538917268953,-2.365538917268953,"{""changed_or_backup_qb"":true,""head_coach_change"":false,""high_roster_turnover"":false,""major_availability_loss"":false,""weeks_1_4"":false,""weeks_5_18"":true}",-0.39302567942018973
2026_13_JAX_CHI,2026,13,2026-12-06T18:00:00+00:00,CHI,JAX,REG,Home,10,7,0.33771983242644144,-2.2906797045427454,-2.2906797045427454,"{""changed_or_backup_qb"":true,""head_coach_change"":false,""high_roster_turnover"":false,""major_availability_loss"":false,""weeks_1_4"":false,""weeks_5_18"":true}",-0.31938005181585527
2026_13_LAC_TB,2026,13,2026-12-06T18:00:00+00:00,TB,LAC,REG,Home,6,7,0.641452315182391,-1.7134788625715698,-1.7134788625715698,"{""changed_or_backup_qb"":true,""head_coach_change"":false,""high_roster_turnover"":false,""major_availability_loss"":false,""weeks_1_4"":false,""weeks_5_18"":true}",0.052719520743900794
2026_13_SF_NYG,2026,13,2026-12-06T18:00:00+00:00,NYG,SF,REG,Home,7,7,-0.29229444004292127,-2.8770044146714975,-2.8770044146714975,"{""changed_or_backup_qb"":true,""head_coach_change"":true,""high_roster_turnover"":true,""major_availability_loss"":false,""weeks_1_4"":false,""weeks_5_18"":true}",-0.9384719337000653
2026_13_WAS_TEN,2026,13,2026-12-06T18:00:00+00:00,TEN,WAS,REG,Home,7,7,-0.3829947353261347,-1.9392802922846542,-1.9392802922846542,"{""changed_or_backup_qb"":true,""head_coach_change"":true,""high_roster_turnover"":true,""major_availability_loss"":false,""weeks_1_4"":false,""weeks_5_18"":true}",-0.7720661245657645
2026_13_MIA_DEN,2026,13,2026-12-06T21:05:00+00:00,DEN,MIA,REG,Home,9,7,6.77739729894038,8.689209001123293,8.689209001123293,"{""changed_or_backup_qb"":true,""head_coach_change"":true,""high_roster_turnover"":false,""major_availability_loss"":false,""weeks_1_4"":false,""weeks_5_18"":true}",7.255350224486108
2026_13_PHI_ARI,2026,13,2026-12-06T21:05:00+00:00,ARI,PHI,REG,Home,7,10,-2.4448037257251833,-7.907693156492896,-7.907693156492896,"{""changed_or_backup_qb"":true,""head_coach_change"":false,""high_roster_turnover"":true,""major_availability_loss"":false,""weeks_1_4"":false,""weeks_5_18"":true}",-3.8105260834171117
2026_13_BUF_NE,2026,13,2026-12-06T21:25:00+00:00,NE,BUF,REG,Home,7,10,3.024592850460486,3.80598509944,3.80598509944,"{""changed_or_backup_qb"":true,""head_coach_change"":false,""high_roster_turnover"":true,""major_availability_loss"":false,""weeks_1_4"":false,""weeks_5_18"":true}",3.219940912705365
2026_13_CAR_MIN,2026,13,2026-12-06T21:25:00+00:00,MIN,CAR,REG,Home,7,6,5.323487477214098,4.588216439045484,4.588216439045484,"{""changed_or_backup_qb"":true,""head_coach_change"":false,""high_roster_turnover"":false,""major_availability_loss"":false,""weeks_1_4"":false,""weeks_5_18"":true}",5.139669717671945
2026_13_HOU_PIT,2026,13,2026-12-07T01:20:00+00:00,PIT,HOU,REG,Home,9,7,0.9951926101786064,1.8338939476799683,1.8338939476799683,"{""changed_or_backup_qb"":false,""head_coach_change"":true,""high_roster_turnover"":false,""major_availability_loss"":false,""weeks_1_4"":false,""weeks_5_18"":true}",1.2048679445539467
2026_13_DAL_SEA,2026,13,2026-12-08T01:15:00+00:00,SEA,DAL,REG,Home,8,11,8.335955626247753,10.831317350786724,10.831317350786724,"{""changed_or_backup_qb"":true,""head_coach_change"":false,""high_roster_turnover"":false,""major_availability_loss"":false,""weeks_1_4"":false,""weeks_5_18"":true}",8.959796057382496
2026_14_MIN_NE,2026,14,2026-12-11T01:15:00+00:00,NE,MIN,REG,Home,4,4,4.691804538210523,8.412245423892115,8.412245423892115,"{""changed_or_backup_qb"":true,""head_coach_change"":false,""high_roster_turnover"":false,""major_availability_loss"":false,""weeks_1_4"":false,""weeks_5_18"":true}",5.62191475963092
2026_14_ATL_CLE,2026,14,2026-12-13T18:00:00+00:00,CLE,ATL,REG,Home,7,7,0.8256283854473732,-2.8055399562893117,-2.8055399562893117,"{""changed_or_backup_qb"":true,""head_coach_change"":true,""high_roster_turnover"":false,""major_availability_loss"":false,""weeks_1_4"":false,""weeks_5_18"":true}",-0.08216369998679807
2026_14_CHI_MIA,2026,14,2026-12-13T18:00:00+00:00,MIA,CHI,REG,Home,7,7,-0.7397422068495807,-3.4752602794956062,-3.4752602794956062,"{""changed_or_backup_qb"":true,""head_coach_change"":true,""high_roster_turnover"":false,""major_availability_loss"":false,""weeks_1_4"":false,""weeks_5_18"":true}",-1.423621725011087
2026_14_DEN_NYJ,2026,14,2026-12-13T18:00:00+00:00,NYJ,DEN,REG,Home,14,7,-4.927106648483114,-13.102527654356779,-13.102527654356779,"{""changed_or_backup_qb"":true,""head_coach_change"":false,""high_roster_turnover"":true,""major_availability_loss"":false,""weeks_1_4"":false,""weeks_5_18"":true}",-6.970961899951529
2026_14_HOU_WAS,2026,14,2026-12-13T18:00:00+00:00,WAS,HOU,REG,Home,7,7,-1.087003353361795,-5.1616363395797,-5.1616363395797,"{""changed_or_backup_qb"":true,""head_coach_change"":false,""high_roster_turnover"":true,""major_availability_loss"":false,""weeks_1_4"":false,""weeks_5_18"":true}",-2.1056615999162713
2026_14_IND_PHI,2026,14,2026-12-13T18:00:00+00:00,PHI,IND,REG,Home,7,14,3.980976674831403,6.826738092506837,6.826738092506837,"{""changed_or_backup_qb"":true,""head_coach_change"":false,""high_roster_turnover"":false,""major_availability_loss"":false,""weeks_1_4"":false,""weeks_5_18"":true}",4.692417029250262
2026_14_NO_CAR,2026,14,2026-12-13T18:00:00+00:00,CAR,NO,REG,Home,7,7,2.08200530111336,1.6495916567336062,1.6495916567336062,"{""changed_or_backup_qb"":true,""head_coach_change"":false,""high_roster_turnover"":false,""major_availability_loss"":false,""weeks_1_4"":false,""weeks_5_18"":true}",1.9739018900184215
2026_14_TB_BAL,2026,14,2026-12-13T18:00:00+00:00,BAL,TB,REG,Home,14,7,5.397828427587482,9.025029607930344,9.025029607930344,"{""changed_or_backup_qb"":false,""head_coach_change"":true,""high_roster_turnover"":false,""major_availability_loss"":false,""weeks_1_4"":false,""weeks_5_18"":true}",6.304628722673197
2026_14_TEN_DET,2026,14,2026-12-13T18:00:00+00:00,DET,TEN,REG,Home,7,7,8.883729275213891,11.4157615275438,11.4157615275438,"{""changed_or_backup_qb"":true,""head_coach_change"":true,""high_roster_turnover"":true,""major_availability_loss"":false,""weeks_1_4"":false,""weeks_5_18"":true}",9.51673733829637
2026_14_LAC_LV,2026,14,2026-12-13T21:05:00+00:00,LV,LAC,REG,Home,14,7,-2.7878635148208906,-6.6698240618930855,-6.6698240618930855,"{""changed_or_backup_qb"":true,""head_coach_change"":true,""high_roster_turnover"":true,""major_availability_loss"":false,""weeks_1_4"":false,""weeks_5_18"":true}",-3.758353651588939
2026_14_KC_CIN,2026,14,2026-12-13T21:25:00+00:00,CIN,KC,REG,Home,7,10,1.2762967400410752,0.9539253912033051,0.9539253912033051,"{""changed_or_backup_qb"":true,""head_coach_change"":false,""high_roster_turnover"":false,""major_availability_loss"":false,""weeks_1_4"":false,""weeks_5_18"":true}",1.1957039028316327
2026_14_LA_SF,2026,14,2026-12-13T21:25:00+00:00,SF,LAR,REG,Home,7,10,0.4114092862395351,-0.9924607221576823,-0.9924607221576823,"{""changed_or_backup_qb"":false,""head_coach_change"":false,""high_roster_turnover"":true,""major_availability_loss"":false,""weeks_1_4"":false,""weeks_5_18"":true}",0.06044178414023074
2026_14_NYG_SEA,2026,14,2026-12-13T21:25:00+00:00,SEA,NYG,REG,Home,6,7,8.155067279069078,8.269800289429117,8.269800289429117,"{""changed_or_backup_qb"":true,""head_coach_change"":true,""high_roster_turnover"":true,""major_availability_loss"":false,""weeks_1_4"":false,""weeks_5_18"":true}",8.183750531659086
2026_14_BUF_GB,2026,14,2026-12-14T01:20:00+00:00,GB,BUF,REG,Home,7,7,0.662816800726441,-1.6495928412885537,-1.6495928412885537,"{""changed_or_backup_qb"":true,""head_coach_change"":false,""high_roster_turnover"":true,""major_availability_loss"":false,""weeks_1_4"":false,""weeks_5_18"":true}",0.08471439022269234
2026_14_PIT_JAX,2026,14,2026-12-15T01:15:00+00:00,JAX,PIT,REG,Home,8,8,5.28623355768773,4.490656748323737,4.490656748323737,"{""changed_or_backup_qb"":true,""head_coach_change"":true,""high_roster_turnover"":false,""major_availability_loss"":false,""weeks_1_4"":false,""weeks_5_18"":true}",5.087339355346732
2026_15_SF_LAC,2026,15,2026-12-18T01:15:00+00:00,LAC,SF,REG,Home,4,4,1.8229551591148052,-0.925417955761766,-0.925417955761766,"{""changed_or_backup_qb"":true,""head_coach_change"":false,""high_roster_turnover"":true,""major_availability_loss"":false,""weeks_1_4"":false,""weeks_5_18"":true}",1.1358618803956624
2026_15_SEA_PHI,2026,15,2026-12-19T22:00:00+00:00,PHI,SEA,REG,Home,6,6,-0.3020597951531241,-1.155777756008192,-1.155777756008192,"{""changed_or_backup_qb"":true,""head_coach_change"":false,""high_roster_turnover"":false,""major_availability_loss"":false,""weeks_1_4"":false,""weeks_5_18"":true}",-0.5154892853668911
2026_15_CHI_BUF,2026,15,2026-12-20T01:20:00+00:00,BUF,CHI,REG,Home,6,6,3.9235557915493215,4.42687249144213,4.42687249144213,"{""changed_or_backup_qb"":true,""head_coach_change"":false,""high_roster_turnover"":true,""major_availability_loss"":false,""weeks_1_4"":false,""weeks_5_18"":true}",4.049384966522523
2026_15_ATL_WAS,2026,15,2026-12-20T18:00:00+00:00,WAS,ATL,REG,Home,7,7,1.6663471036419488,-1.4530752724692717,-1.4530752724692717,"{""changed_or_backup_qb"":true,""head_coach_change"":false,""high_roster_turnover"":true,""major_availability_loss"":false,""weeks_1_4"":false,""weeks_5_18"":true}",0.8864915096141438
2026_15_BAL_PIT,2026,15,2026-12-20T18:00:00+00:00,PIT,BAL,REG,Home,6,7,1.0634448673277583,-0.09958709892436929,-0.09958709892436929,"{""changed_or_backup_qb"":false,""head_coach_change"":true,""high_roster_turnover"":false,""major_availability_loss"":false,""weeks_1_4"":false,""weeks_5_18"":true}",0.7726868757647264
2026_15_CIN_CAR,2026,15,2026-12-20T18:00:00+00:00,CAR,CIN,REG,Home,7,7,1.5026196012531727,-0.43894645978290814,-0.43894645978290814,"{""changed_or_backup_qb"":true,""head_coach_change"":false,""high_roster_turnover"":false,""major_availability_loss"":false,""weeks_1_4"":false,""weeks_5_18"":true}",1.0172280859941525
2026_15_CLE_NYG,2026,15,2026-12-20T18:00:00+00:00,NYG,CLE,REG,Home,7,7,3.7049394724796194,6.21865276538813,6.21865276538813,"{""changed_or_backup_qb"":true,""head_coach_change"":true,""high_roster_turnover"":true,""major_availability_loss"":false,""weeks_1_4"":false,""weeks_5_18"":true}",4.333367795706748
2026_15_IND_TEN,2026,15,2026-12-20T18:00:00+00:00,TEN,IND,REG,Home,7,7,-2.119246298695729,-3.267742007972251,-3.267742007972251,"{""changed_or_backup_qb"":true,""head_coach_change"":true,""high_roster_turnover"":true,""major_availability_loss"":false,""weeks_1_4"":false,""weeks_5_18"":true}",-2.4063702260148596
2026_15_JAX_HOU,2026,15,2026-12-20T18:00:00+00:00,HOU,JAX,REG,Home,7,6,1.2185738321336632,-0.9975769617695667,-0.9975769617695667,"{""changed_or_backup_qb"":true,""head_coach_change"":false,""high_roster_turnover"":false,""major_availability_loss"":false,""weeks_1_4"":false,""weeks_5_18"":true}",0.6645361336578557
2026_15_MIA_GB,2026,15,2026-12-20T18:00:00+00:00,GB,MIA,REG,Home,7,7,5.326114799125343,6.252539929649181,6.252539929649181,"{""changed_or_backup_qb"":true,""head_coach_change"":true,""high_roster_turnover"":false,""major_availability_loss"":false,""weeks_1_4"":false,""weeks_5_18"":true}",5.557721081756303
2026_15_NO_TB,2026,15,2026-12-20T18:00:00+00:00,TB,NO,REG,Home,7,7,3.06392198949876,2.4628317676405787,2.4628317676405787,"{""changed_or_backup_qb"":false,""head_coach_change"":false,""high_roster_turnover"":false,""major_availability_loss"":false,""weeks_1_4"":false,""weeks_5_18"":true}",2.9136494340342147
2026_15_NYJ_ARI,2026,15,2026-12-20T21:05:00+00:00,ARI,NYJ,REG,Home,14,7,4.4557267152135545,7.8906510408452695,7.8906510408452695,"{""changed_or_backup_qb"":true,""head_coach_change"":false,""high_roster_turnover"":true,""major_availability_loss"":false,""weeks_1_4"":false,""weeks_5_18"":true}",5.314457796621483
2026_15_DAL_LA,2026,15,2026-12-20T21:25:00+00:00,LAR,DAL,REG,Home,7,13,7.561773500982062,11.073718472491379,11.073718472491379,"{""changed_or_backup_qb"":true,""head_coach_change"":false,""high_roster_turnover"":false,""major_availability_loss"":false,""weeks_1_4"":false,""weeks_5_18"":true}",8.43975974385939
2026_15_DEN_LV,2026,15,2026-12-20T21:25:00+00:00,LV,DEN,REG,Home,7,7,-4.052197607123492,-9.139803077828336,-9.139803077828336,"{""changed_or_backup_qb"":true,""head_coach_change"":true,""high_roster_turnover"":true,""major_availability_loss"":false,""weeks_1_4"":false,""weeks_5_18"":true}",-5.324098974799703
2026_15_DET_MIN,2026,15,2026-12-21T01:20:00+00:00,MIN,DET,REG,Home,10,7,1.4617589175661012,-0.39193799123552064,-0.39193799123552064,"{""changed_or_backup_qb"":true,""head_coach_change"":false,""high_roster_turnover"":false,""major_availability_loss"":false,""weeks_1_4"":false,""weeks_5_18"":true}",0.9983346903656958
2026_15_NE_KC,2026,15,2026-12-22T01:15:00+00:00,KC,NE,REG,Home,8,11,-0.294208356718868,-5.321388697230648,-5.321388697230648,"{""changed_or_backup_qb"":true,""head_coach_change"":false,""high_roster_turnover"":false,""major_availability_loss"":false,""weeks_1_4"":false,""weeks_5_18"":true}",-1.551003441846813
2026_16_HOU_PHI,2026,16,2026-12-25T01:15:00+00:00,PHI,HOU,REG,Home,5,4,2.130224884839202,1.833719271139951,1.833719271139951,"{""changed_or_backup_qb"":true,""head_coach_change"":false,""high_roster_turnover"":false,""major_availability_loss"":false,""weeks_1_4"":false,""weeks_5_18"":true}",2.0560984814143892
2026_16_GB_CHI,2026,16,2026-12-25T18:00:00+00:00,CHI,GB,REG,Home,6,5,2.9136274077242375,2.412846592094654,2.412846592094654,"{""changed_or_backup_qb"":true,""head_coach_change"":false,""high_roster_turnover"":false,""major_availability_loss"":false,""weeks_1_4"":false,""weeks_5_18"":true}",2.7884322038168414
2026_16_BUF_DEN,2026,16,2026-12-25T21:30:00+00:00,DEN,BUF,REG,Home,5,6,2.1140993005414774,0.5818049922066945,0.5818049922066945,"{""changed_or_backup_qb"":true,""head_coach_change"":false,""high_roster_turnover"":true,""major_availability_loss"":false,""weeks_1_4"":false,""weeks_5_18"":true}",1.7310257234577817
2026_16_LA_SEA,2026,16,2026-12-26T01:15:00+00:00,SEA,LAR,REG,Home,6,5,3.2741821252656913,1.3279855517278607,1.3279855517278607,"{""changed_or_backup_qb"":true,""head_coach_change"":false,""high_roster_turnover"":false,""major_availability_loss"":false,""weeks_1_4"":false,""weeks_5_18"":true}",2.7876329818812335
2026_16_ARI_NO,2026,16,2026-12-27T18:00:00+00:00,NO,ARI,REG,Home,7,7,4.284576166650588,5.192611875464389,5.192611875464389,"{""changed_or_backup_qb"":true,""head_coach_change"":false,""high_roster_turnover"":true,""major_availability_loss"":false,""weeks_1_4"":false,""weeks_5_18"":true}",4.5115850938540385
2026_16_CAR_PIT,2026,16,2026-12-27T18:00:00+00:00,PIT,CAR,REG,Home,7,7,4.94318998330064,7.620905978536796,7.620905978536796,"{""changed_or_backup_qb"":true,""head_coach_change"":true,""high_roster_turnover"":false,""major_availability_loss"":false,""weeks_1_4"":false,""weeks_5_18"":true}",5.612618982109679
2026_16_CIN_IND,2026,16,2026-12-27T18:00:00+00:00,IND,CIN,REG,Home,7,7,3.599865184383006,-0.05549572625069543,-0.05549572625069543,"{""changed_or_backup_qb"":false,""head_coach_change"":false,""high_roster_turnover"":false,""major_availability_loss"":false,""weeks_1_4"":false,""weeks_5_18"":true}",2.6860249567245806
2026_16_CLE_BAL,2026,16,2026-12-27T18:00:00+00:00,BAL,CLE,REG,Home,7,7,6.859469814407219,11.65677916286206,11.65677916286206,"{""changed_or_backup_qb"":true,""head_coach_change"":true,""high_roster_turnover"":false,""major_availability_loss"":false,""weeks_1_4"":false,""weeks_5_18"":true}",8.05879715152093
2026_16_LAC_MIA,2026,16,2026-12-27T18:00:00+00:00,MIA,LAC,REG,Home,7,10,-0.5130632066377774,-3.352151622294834,-3.352151622294834,"{""changed_or_backup_qb"":true,""head_coach_change"":true,""high_roster_turnover"":false,""major_availability_loss"":false,""weeks_1_4"":false,""weeks_5_18"":true}",-1.2228353105520415
2026_16_NE_NYJ,2026,16,2026-12-27T18:00:00+00:00,NYJ,NE,REG,Home,7,6,-5.8376001984021215,-16.874097729533723,-16.874097729533723,"{""changed_or_backup_qb"":true,""head_coach_change"":false,""high_roster_turnover"":true,""major_availability_loss"":false,""weeks_1_4"":false,""weeks_5_18"":true}",-8.596724581185022
2026_16_TB_ATL,2026,16,2026-12-27T18:00:00+00:00,ATL,TB,REG,Home,7,7,2.71273022773289,3.109292510243762,3.109292510243762,"{""changed_or_backup_qb"":true,""head_coach_change"":false,""high_roster_turnover"":false,""major_availability_loss"":false,""weeks_1_4"":false,""weeks_5_18"":true}",2.8118707983606077
2026_16_WAS_MIN,2026,16,2026-12-27T18:00:00+00:00,MIN,WAS,REG,Home,7,7,4.962493457453858,5.464803675207916,5.464803675207916,"{""changed_or_backup_qb"":true,""head_coach_change"":false,""high_roster_turnover"":true,""major_availability_loss"":false,""weeks_1_4"":false,""weeks_5_18"":true}",5.088071011892373
2026_16_TEN_LV,2026,16,2026-12-27T21:05:00+00:00,LV,TEN,REG,Home,7,7,2.574601573948015,1.6082645489187077,1.6082645489187077,"{""changed_or_backup_qb"":true,""head_coach_change"":true,""high_roster_turnover"":true,""major_availability_loss"":false,""weeks_1_4"":false,""weeks_5_18"":true}",2.333017317690688
2026_16_SF_KC,2026,16,2026-12-27T21:25:00+00:00,KC,SF,REG,Home,6,10,1.2035744446175483,-2.6704241712000107,-2.6704241712000107,"{""changed_or_backup_qb"":true,""head_coach_change"":false,""high_roster_turnover"":true,""major_availability_loss"":false,""weeks_1_4"":false,""weeks_5_18"":true}",0.2350747906631585
2026_16_JAX_DAL,2026,16,2026-12-28T01:20:00+00:00,DAL,JAX,REG,Home,7,7,-2.1850971141217634,-7.4742818499545,-7.4742818499545,"{""changed_or_backup_qb"":true,""head_coach_change"":false,""high_roster_turnover"":false,""major_availability_loss"":false,""weeks_1_4"":false,""weeks_5_18"":true}",-3.507393298079948
2026_16_NYG_DET,2026,16,2026-12-29T01:15:00+00:00,DET,NYG,REG,Home,8,8,5.636513785602713,4.6102931536910585,4.6102931536910585,"{""changed_or_backup_qb"":true,""head_coach_change"":true,""high_roster_turnover"":true,""major_availability_loss"":false,""weeks_1_4"":false,""weeks_5_18"":true}",5.3799586276248
2026_17_BAL_CIN,2026,17,2027-01-01T01:15:00+00:00,CIN,BAL,REG,Home,4,4,-0.3823647172260549,-3.7986545408484513,-3.7986545408484513,"{""changed_or_backup_qb"":false,""head_coach_change"":true,""high_roster_turnover"":false,""major_availability_loss"":false,""weeks_1_4"":false,""weeks_5_18"":true}",-1.236437173131654
2026_17_BUF_MIA,2026,17,2027-01-03T18:00:00+00:00,MIA,BUF,REG,Home,7,9,-2.1632979983989022,-6.331746097505221,-6.331746097505221,"{""changed_or_backup_qb"":true,""head_coach_change"":true,""high_roster_turnover"":true,""major_availability_loss"":false,""weeks_1_4"":false,""weeks_5_18"":true}",-3.2054100231754816
2026_17_DEN_NE,2026,17,2027-01-03T18:00:00+00:00,NE,DEN,REG,Home,7,9,3.4104935499190088,4.93141427265173,4.93141427265173,"{""changed_or_backup_qb"":false,""head_coach_change"":false,""high_roster_turnover"":false,""major_availability_loss"":false,""weeks_1_4"":false,""weeks_5_18"":true}",3.7907237306021893
2026_17_IND_CLE,2026,17,2027-01-03T18:00:00+00:00,CLE,IND,REG,Home,7,7,-0.07697028156416996,-0.9736922340892127,-0.9736922340892127,"{""changed_or_backup_qb"":true,""head_coach_change"":true,""high_roster_turnover"":false,""major_availability_loss"":false,""weeks_1_4"":false,""weeks_5_18"":true}",-0.30115076969543064
2026_17_KC_LAC,2026,17,2027-01-03T18:00:00+00:00,LAC,KC,REG,Home,7,7,3.119380714497257,3.17854539688485,3.17854539688485,"{""changed_or_backup_qb"":true,""head_coach_change"":false,""high_roster_turnover"":false,""major_availability_loss"":false,""weeks_1_4"":false,""weeks_5_18"":true}",3.134171885094155
2026_17_LA_TB,2026,17,2027-01-03T18:00:00+00:00,TB,LAR,REG,Home,7,9,-2.124183239463269,-6.908978379341956,-6.908978379341956,"{""changed_or_backup_qb"":false,""head_coach_change"":false,""high_roster_turnover"":false,""major_availability_loss"":false,""weeks_1_4"":false,""weeks_5_18"":true}",-3.320382024432941
2026_17_MIN_NYJ,2026,17,2027-01-03T18:00:00+00:00,NYJ,MIN,REG,Home,7,7,-3.6457956601915997,-10.237510217052987,-10.237510217052987,"{""changed_or_backup_qb"":true,""head_coach_change"":false,""high_roster_turnover"":true,""major_availability_loss"":false,""weeks_1_4"":false,""weeks_5_18"":true}",-5.293724299406946
2026_17_NO_ATL,2026,17,2027-01-03T18:00:00+00:00,ATL,NO,REG,Home,7,7,3.2766522172316503,3.864890112465915,3.864890112465915,"{""changed_or_backup_qb"":true,""head_coach_change"":false,""high_roster_turnover"":false,""major_availability_loss"":false,""weeks_1_4"":false,""weeks_5_18"":true}",3.4237116910402166
2026_17_NYG_DAL,2026,17,2027-01-03T18:00:00+00:00,DAL,NYG,REG,Home,7,6,2.319111652821325,-0.9227066419321419,-0.9227066419321419,"{""changed_or_backup_qb"":true,""head_coach_change"":true,""high_roster_turnover"":true,""major_availability_loss"":false,""weeks_1_4"":false,""weeks_5_18"":true}",1.508657079132958
2026_17_PIT_TEN,2026,17,2027-01-03T18:00:00+00:00,TEN,PIT,REG,Home,7,7,-2.465190698866536,-8.797963087558413,-8.797963087558413,"{""changed_or_backup_qb"":true,""head_coach_change"":true,""high_roster_turnover"":true,""major_availability_loss"":false,""weeks_1_4"":false,""weeks_5_18"":true}",-4.048383796039506
2026_17_SEA_CAR,2026,17,2027-01-03T18:00:00+00:00,CAR,SEA,REG,Home,7,9,-3.8802820531143603,-7.274546130565411,-7.274546130565411,"{""changed_or_backup_qb"":true,""head_coach_change"":false,""high_roster_turnover"":false,""major_availability_loss"":false,""weeks_1_4"":false,""weeks_5_18"":true}",-4.728848072477123
2026_17_WAS_JAX,2026,17,2027-01-03T18:00:00+00:00,JAX,WAS,REG,Home,7,7,7.368429521228132,11.349339543597493,11.349339543597493,"{""changed_or_backup_qb"":true,""head_coach_change"":false,""high_roster_turnover"":true,""major_availability_loss"":false,""weeks_1_4"":false,""weeks_5_18"":true}",8.363657026820473
2026_17_LV_ARI,2026,17,2027-01-03T21:05:00+00:00,ARI,LV,REG,Home,7,7,3.5808176738539332,2.969994020415458,2.969994020415458,"{""changed_or_backup_qb"":true,""head_coach_change"":true,""high_roster_turnover"":true,""major_availability_loss"":false,""weeks_1_4"":false,""weeks_5_18"":true}",3.4281117604943145
2026_17_DET_CHI,2026,17,2027-01-03T21:25:00+00:00,CHI,DET,REG,Home,9,6,1.7054148137668161,1.2894127692140243,1.2894127692140243,"{""changed_or_backup_qb"":true,""head_coach_change"":false,""high_roster_turnover"":false,""major_availability_loss"":false,""weeks_1_4"":false,""weeks_5_18"":true}",1.6014143026286183
2026_17_PHI_SF,2026,17,2027-01-04T01:20:00+00:00,SF,PHI,REG,Home,7,10,2.439286956126968,2.318223558952454,2.318223558952454,"{""changed_or_backup_qb"":true,""head_coach_change"":false,""high_roster_turnover"":true,""major_availability_loss"":false,""weeks_1_4"":false,""weeks_5_18"":true}",2.4090211068333396
2026_17_HOU_GB,2026,17,2027-01-05T01:15:00+00:00,GB,HOU,REG,Home,10,11,1.205518592568541,-0.42832849601689216,-0.42832849601689216,"{""changed_or_backup_qb"":true,""head_coach_change"":false,""high_roster_turnover"":false,""major_availability_loss"":false,""weeks_1_4"":false,""weeks_5_18"":true}",0.7970568204221827
2026_18_ATL_CAR,2026,18,2027-01-10T18:00:00+00:00,CAR,ATL,REG,Home,7,7,1.3053530838817098,-0.5080642903138844,-0.5080642903138844,"{""changed_or_backup_qb"":true,""head_coach_change"":false,""high_roster_turnover"":false,""major_availability_loss"":false,""weeks_1_4"":false,""weeks_5_18"":true}",0.8519987403328112
2026_18_CHI_MIN,2026,18,2027-01-10T18:00:00+00:00,MIN,CHI,REG,Home,7,7,2.256344103799285,0.025883404968879666,0.025883404968879666,"{""changed_or_backup_qb"":true,""head_coach_change"":false,""high_roster_turnover"":false,""major_availability_loss"":false,""weeks_1_4"":false,""weeks_5_18"":true}",1.6987289290916838
2026_18_CLE_CIN,2026,18,2027-01-10T18:00:00+00:00,CIN,CLE,REG,Home,10,7,3.9771050971811643,6.35616169457405,6.35616169457405,"{""changed_or_backup_qb"":true,""head_coach_change"":true,""high_roster_turnover"":false,""major_availability_loss"":false,""weeks_1_4"":false,""weeks_5_18"":true}",4.571869246529386
2026_18_DAL_WAS,2026,18,2027-01-10T18:00:00+00:00,WAS,DAL,REG,Home,7,7,2.3166675928936313,1.246644802612279,1.246644802612279,"{""changed_or_backup_qb"":true,""head_coach_change"":false,""high_roster_turnover"":true,""major_availability_loss"":false,""weeks_1_4"":false,""weeks_5_18"":true}",2.049161895323293
2026_18_DET_GB,2026,18,2027-01-10T18:00:00+00:00,GB,DET,REG,Home,6,7,1.291787406042579,0.3785291045589301,0.3785291045589301,"{""changed_or_backup_qb"":true,""head_coach_change"":false,""high_roster_turnover"":false,""major_availability_loss"":false,""weeks_1_4"":false,""weeks_5_18"":true}",1.0634728306716668
2026_18_JAX_IND,2026,18,2027-01-10T18:00:00+00:00,IND,JAX,REG,Home,7,7,-0.6321779578585378,-6.606409497073048,-6.606409497073048,"{""changed_or_backup_qb"":true,""head_coach_change"":false,""high_roster_turnover"":false,""major_availability_loss"":false,""weeks_1_4"":false,""weeks_5_18"":true}",-2.1257358426621655
2026_18_LAC_DEN,2026,18,2027-01-10T18:00:00+00:00,DEN,LAC,REG,Home,7,7,3.7643340923026023,3.6982469594029896,3.6982469594029896,"{""changed_or_backup_qb"":true,""head_coach_change"":false,""high_roster_turnover"":false,""major_availability_loss"":false,""weeks_1_4"":false,""weeks_5_18"":true}",3.747812309077699
2026_18_LV_KC,2026,18,2027-01-10T18:00:00+00:00,KC,LV,REG,Home,7,7,7.168482800323633,9.091947383214194,9.091947383214194,"{""changed_or_backup_qb"":true,""head_coach_change"":true,""high_roster_turnover"":true,""major_availability_loss"":false,""weeks_1_4"":false,""weeks_5_18"":true}",7.649348946046273
2026_18_MIA_NE,2026,18,2027-01-10T18:00:00+00:00,NE,MIA,REG,Home,7,7,7.6878908488593884,11.9133891083566,11.9133891083566,"{""changed_or_backup_qb"":true,""head_coach_change"":true,""high_roster_turnover"":false,""major_availability_loss"":false,""weeks_1_4"":false,""weeks_5_18"":true}",8.744265413733691
2026_18_NYJ_BUF,2026,18,2027-01-10T18:00:00+00:00,BUF,NYJ,REG,Home,7,7,10.313007347941635,18.052967634363082,18.052967634363082,"{""changed_or_backup_qb"":true,""head_coach_change"":false,""high_roster_turnover"":true,""major_availability_loss"":false,""weeks_1_4"":false,""weeks_5_18"":true}",12.247997419546998
2026_18_PHI_NYG,2026,18,2027-01-10T18:00:00+00:00,NYG,PHI,REG,Home,7,7,-0.3530074839159534,-2.0607437831586037,-2.0607437831586037,"{""changed_or_backup_qb"":true,""head_coach_change"":true,""high_roster_turnover"":true,""major_availability_loss"":false,""weeks_1_4"":false,""weeks_5_18"":true}",-0.779941558726616
2026_18_PIT_BAL,2026,18,2027-01-10T18:00:00+00:00,BAL,PIT,REG,Home,10,7,3.9365551326722414,3.6509029217471287,3.6509029217471287,"{""changed_or_backup_qb"":false,""head_coach_change"":true,""high_roster_turnover"":false,""major_availability_loss"":false,""weeks_1_4"":false,""weeks_5_18"":true}",3.8651420799409633
2026_18_SEA_LA,2026,18,2027-01-10T18:00:00+00:00,LAR,SEA,REG,Home,7,7,1.7258178747343087,2.154906525101944,2.154906525101944,"{""changed_or_backup_qb"":true,""head_coach_change"":false,""high_roster_turnover"":false,""major_availability_loss"":false,""weeks_1_4"":false,""weeks_5_18"":true}",1.8330900373262176
2026_18_SF_ARI,2026,18,2027-01-10T18:00:00+00:00,ARI,SF,REG,Home,7,7,-2.384090681852152,-8.518682550026927,-8.518682550026927,"{""changed_or_backup_qb"":true,""head_coach_change"":false,""high_roster_turnover"":true,""major_availability_loss"":false,""weeks_1_4"":false,""weeks_5_18"":true}",-3.917738648895846
2026_18_TB_NO,2026,18,2027-01-10T18:00:00+00:00,NO,TB,REG,Home,7,7,1.9360780105012398,0.9516365631962689,0.9516365631962689,"{""changed_or_backup_qb"":false,""head_coach_change"":false,""high_roster_turnover"":false,""major_availability_loss"":false,""weeks_1_4"":false,""weeks_5_18"":true}",1.689967648674997
2026_18_TEN_HOU,2026,18,2027-01-10T18:00:00+00:00,HOU,TEN,REG,Home,6,7,8.96999808868793,12.154195382126671,12.154195382126671,"{""changed_or_backup_qb"":true,""head_coach_change"":true,""high_roster_turnover"":true,""major_availability_loss"":false,""weeks_1_4"":false,""weeks_5_18"":true}",9.766047412047616
