game_id,season,game_type,home_team,away_team,home_score,away_score
2025_01_DAL_PHI,2025,REG,PHI,DAL,24,20
2025_01_KC_LAC,2025,REG,LAC,KC,27,21
2025_01_TB_ATL,2025,REG,ATL,TB,20,23
2025_01_CIN_CLE,2025,REG,CLE,CIN,16,17
2025_01_MIA_IND,2025,REG,IND,MIA,33,8
2025_01_CAR_JAX,2025,REG,JAX,CAR,26,10
2025_01_LV_NE,2025,REG,NE,LV,13,20
2025_01_ARI_NO,2025,REG,NO,ARI,13,20
2025_01_PIT_NYJ,2025,REG,NYJ,PIT,32,34
2025_01_NYG_WAS,2025,REG,WAS,NYG,21,6
2025_01_TEN_DEN,2025,REG,DEN,TEN,20,12
2025_01_SF_SEA,2025,REG,SEA,SF,13,17
2025_01_DET_GB,2025,REG,GB,DET,27,13
2025_01_HOU_LA,2025,REG,LA,HOU,14,9
2025_01_BAL_BUF,2025,REG,BUF,BAL,41,40
2025_01_MIN_CHI,2025,REG,CHI,MIN,24,27
2025_02_WAS_GB,2025,REG,GB,WAS,27,18
2025_02_CLE_BAL,2025,REG,BAL,CLE,41,17
2025_02_JAX_CIN,2025,REG,CIN,JAX,31,27
2025_02_NYG_DAL,2025,REG,DAL,NYG,40,37
2025_02_CHI_DET,2025,REG,DET,CHI,52,21
2025_02_NE_MIA,2025,REG,MIA,NE,27,33
2025_02_SF_NO,2025,REG,NO,SF,21,26
2025_02_BUF_NYJ,2025,REG,NYJ,BUF,10,30
2025_02_SEA_PIT,2025,REG,PIT,SEA,17,31
2025_02_LA_TEN,2025,REG,TEN,LA,19,33
2025_02_CAR_ARI,2025,REG,ARI,CAR,27,22
2025_02_DEN_IND,2025,REG,IND,DEN,29,28
2025_02_PHI_KC,2025,REG,KC,PHI,17,20
2025_02_ATL_MIN,2025,REG,MIN,ATL,6,22
2025_02_TB_HOU,2025,REG,HOU,TB,19,20
2025_02_LAC_LV,2025,REG,LV,LAC,9,20
2025_03_MIA_BUF,2025,REG,BUF,MIA,31,21
2025_03_ATL_CAR,2025,REG,CAR,ATL,30,0
2025_03_GB_CLE,2025,REG,CLE,GB,13,10
2025_03_HOU_JAX,2025,REG,JAX,HOU,17,10
2025_03_CIN_MIN,2025,REG,MIN,CIN,48,10
2025_03_PIT_NE,2025,REG,NE,PIT,14,21
2025_03_LA_PHI,2025,REG,PHI,LA,33,26
2025_03_NYJ_TB,2025,REG,TB,NYJ,29,27
2025_03_IND_TEN,2025,REG,TEN,IND,20,41
2025_03_LV_WAS,2025,REG,WAS,LV,41,24
2025_03_DEN_LAC,2025,REG,LAC,DEN,23,20
2025_03_NO_SEA,2025,REG,SEA,NO,44,13
2025_03_DAL_CHI,2025,REG,CHI,DAL,31,14
2025_03_ARI_SF,2025,REG,SF,ARI,16,15
2025_03_KC_NYG,2025,REG,NYG,KC,9,22
2025_03_DET_BAL,2025,REG,BAL,DET,30,38
2025_04_SEA_ARI,2025,REG,ARI,SEA,20,23
2025_04_MIN_PIT,2025,REG,PIT,MIN,24,21
2025_04_WAS_ATL,2025,REG,ATL,WAS,34,27
2025_04_NO_BUF,2025,REG,BUF,NO,31,19
2025_04_CLE_DET,2025,REG,DET,CLE,34,10
2025_04_TEN_HOU,2025,REG,HOU,TEN,26,0
2025_04_CAR_NE,2025,REG,NE,CAR,42,13
2025_04_LAC_NYG,2025,REG,NYG,LAC,21,18
2025_04_PHI_TB,2025,REG,TB,PHI,25,31
2025_04_IND_LA,2025,REG,LA,IND,27,20
2025_04_JAX_SF,2025,REG,SF,JAX,21,26
2025_04_BAL_KC,2025,REG,KC,BAL,37,20
2025_04_CHI_LV,2025,REG,LV,CHI,24,25
2025_04_GB_DAL,2025,REG,DAL,GB,40,40
2025_04_NYJ_MIA,2025,REG,MIA,NYJ,27,21
2025_04_CIN_DEN,2025,REG,DEN,CIN,28,3
2025_05_SF_LA,2025,REG,LA,SF,23,26
2025_05_MIN_CLE,2025,REG,CLE,MIN,17,21
2025_05_HOU_BAL,2025,REG,BAL,HOU,10,44
2025_05_MIA_CAR,2025,REG,CAR,MIA,27,24
2025_05_LV_IND,2025,REG,IND,LV,40,6
2025_05_NYG_NO,2025,REG,NO,NYG,26,14
2025_05_DAL_NYJ,2025,REG,NYJ,DAL,22,37
2025_05_DEN_PHI,2025,REG,PHI,DEN,17,21
2025_05_TEN_ARI,2025,REG,ARI,TEN,21,22
2025_05_TB_SEA,2025,REG,SEA,TB,35,38
2025_05_DET_CIN,2025,REG,CIN,DET,24,37
2025_05_WAS_LAC,2025,REG,LAC,WAS,10,27
2025_05_NE_BUF,2025,REG,BUF,NE,20,23
2025_05_KC_JAX,2025,REG,JAX,KC,31,28
2025_06_PHI_NYG,2025,REG,NYG,PHI,34,17
2025_06_DEN_NYJ,2025,REG,NYJ,DEN,11,13
2025_06_LA_BAL,2025,REG,BAL,LA,3,17
2025_06_DAL_CAR,2025,REG,CAR,DAL,30,27
2025_06_ARI_IND,2025,REG,IND,ARI,31,27
2025_06_SEA_JAX,2025,REG,JAX,SEA,12,20
2025_06_LAC_MIA,2025,REG,MIA,LAC,27,29
2025_06_NE_NO,2025,REG,NO,NE,19,25
2025_06_CLE_PIT,2025,REG,PIT,CLE,23,9
2025_06_TEN_LV,2025,REG,LV,TEN,20,10
2025_06_CIN_GB,2025,REG,GB,CIN,27,18
2025_06_SF_TB,2025,REG,TB,SF,30,19
2025_06_DET_KC,2025,REG,KC,DET,30,17
2025_06_BUF_ATL,2025,REG,ATL,BUF,24,14
2025_06_CHI_WAS,2025,REG,WAS,CHI,24,25
2025_07_PIT_CIN,2025,REG,CIN,PIT,33,31
2025_07_LA_JAX,2025,REG,JAX,LA,7,35
2025_07_NO_CHI,2025,REG,CHI,NO,26,14
2025_07_MIA_CLE,2025,REG,CLE,MIA,31,6
2025_07_LV_KC,2025,REG,KC,LV,31,0
2025_07_PHI_MIN,2025,REG,MIN,PHI,22,28
2025_07_CAR_NYJ,2025,REG,NYJ,CAR,6,13
2025_07_NE_TEN,2025,REG,TEN,NE,13,31
2025_07_NYG_DEN,2025,REG,DEN,NYG,33,32
2025_07_IND_LAC,2025,REG,LAC,IND,24,38
2025_07_GB_ARI,2025,REG,ARI,GB,23,27
2025_07_WAS_DAL,2025,REG,DAL,WAS,44,22
2025_07_ATL_SF,2025,REG,SF,ATL,20,10
2025_07_TB_DET,2025,REG,DET,TB,24,9
2025_07_HOU_SEA,2025,REG,SEA,HOU,27,19
2025_08_MIN_LAC,2025,REG,LAC,MIN,37,10
2025_08_MIA_ATL,2025,REG,ATL,MIA,10,34
2025_08_CHI_BAL,2025,REG,BAL,CHI,30,16
2025_08_BUF_CAR,2025,REG,CAR,BUF,9,40
2025_08_NYJ_CIN,2025,REG,CIN,NYJ,38,39
2025_08_SF_HOU,2025,REG,HOU,SF,26,15
2025_08_CLE_NE,2025,REG,NE,CLE,32,13
2025_08_NYG_PHI,2025,REG,PHI,NYG,38,20
2025_08_TB_NO,2025,REG,NO,TB,3,23
2025_08_DAL_DEN,2025,REG,DEN,DAL,44,24
2025_08_TEN_IND,2025,REG,IND,TEN,38,14
2025_08_GB_PIT,2025,REG,PIT,GB,25,35
2025_08_WAS_KC,2025,REG,KC,WAS,28,7
2025_09_BAL_MIA,2025,REG,MIA,BAL,6,28
2025_09_CHI_CIN,2025,REG,CIN,CHI,42,47
2025_09_MIN_DET,2025,REG,DET,MIN,24,27
2025_09_CAR_GB,2025,REG,GB,CAR,13,16
2025_09_DEN_HOU,2025,REG,HOU,DEN,15,18
2025_09_ATL_NE,2025,REG,NE,ATL,24,23
2025_09_SF_NYG,2025,REG,NYG,SF,24,34
2025_09_IND_PIT,2025,REG,PIT,IND,27,20
2025_09_LAC_TEN,2025,REG,TEN,LAC,20,27
2025_09_NO_LA,2025,REG,LA,NO,34,10
2025_09_JAX_LV,2025,REG,LV,JAX,29,30
2025_09_KC_BUF,2025,REG,BUF,KC,28,21
2025_09_SEA_WAS,2025,REG,WAS,SEA,14,38
2025_09_ARI_DAL,2025,REG,DAL,ARI,17,27
2025_10_LV_DEN,2025,REG,DEN,LV,10,7
2025_10_ATL_IND,2025,REG,IND,ATL,31,25
2025_10_NO_CAR,2025,REG,CAR,NO,7,17
2025_10_NYG_CHI,2025,REG,CHI,NYG,24,20
2025_10_JAX_HOU,2025,REG,HOU,JAX,36,29
2025_10_BUF_MIA,2025,REG,MIA,BUF,30,13
2025_10_BAL_MIN,2025,REG,MIN,BAL,19,27
2025_10_CLE_NYJ,2025,REG,NYJ,CLE,27,20
2025_10_NE_TB,2025,REG,TB,NE,23,28
2025_10_ARI_SEA,2025,REG,SEA,ARI,44,22
2025_10_LA_SF,2025,REG,SF,LA,26,42
2025_10_DET_WAS,2025,REG,WAS,DET,22,44
2025_10_PIT_LAC,2025,REG,LAC,PIT,25,10
2025_10_PHI_GB,2025,REG,GB,PHI,7,10
2025_11_NYJ_NE,2025,REG,NE,NYJ,27,14
2025_11_WAS_MIA,2025,REG,MIA,WAS,16,13
2025_11_CAR_ATL,2025,REG,ATL,CAR,27,30
2025_11_TB_BUF,2025,REG,BUF,TB,44,32
2025_11_LAC_JAX,2025,REG,JAX,LAC,35,6
2025_11_CHI_MIN,2025,REG,MIN,CHI,17,19
2025_11_GB_NYG,2025,REG,NYG,GB,20,27
2025_11_CIN_PIT,2025,REG,PIT,CIN,34,12
2025_11_HOU_TEN,2025,REG,TEN,HOU,13,16
2025_11_SF_ARI,2025,REG,ARI,SF,22,41
2025_11_SEA_LA,2025,REG,LA,SEA,21,19
2025_11_BAL_CLE,2025,REG,CLE,BAL,16,23
2025_11_KC_DEN,2025,REG,DEN,KC,22,19
2025_11_DET_PHI,2025,REG,PHI,DET,16,9
2025_11_DAL_LV,2025,REG,LV,DAL,16,33
2025_12_BUF_HOU,2025,REG,HOU,BUF,23,19
2025_12_NYJ_BAL,2025,REG,BAL,NYJ,23,10
2025_12_PIT_CHI,2025,REG,CHI,PIT,31,28
2025_12_NE_CIN,2025,REG,CIN,NE,20,26
2025_12_NYG_DET,2025,REG,DET,NYG,34,27
2025_12_MIN_GB,2025,REG,GB,MIN,23,6
2025_12_IND_KC,2025,REG,KC,IND,23,20
2025_12_SEA_TEN,2025,REG,TEN,SEA,24,30
2025_12_JAX_ARI,2025,REG,ARI,JAX,24,27
2025_12_CLE_LV,2025,REG,LV,CLE,10,24
2025_12_PHI_DAL,2025,REG,DAL,PHI,24,21
2025_12_ATL_NO,2025,REG,NO,ATL,10,24
2025_12_TB_LA,2025,REG,LA,TB,34,7
2025_12_CAR_SF,2025,REG,SF,CAR,20,9
2025_13_GB_DET,2025,REG,DET,GB,24,31
2025_13_KC_DAL,2025,REG,DAL,KC,31,28
2025_13_CIN_BAL,2025,REG,BAL,CIN,14,32
2025_13_CHI_PHI,2025,REG,PHI,CHI,15,24
2025_13_LA_CAR,2025,REG,CAR,LA,31,28
2025_13_SF_CLE,2025,REG,CLE,SF,8,26
2025_13_HOU_IND,2025,REG,IND,HOU,16,20
2025_13_NO_MIA,2025,REG,MIA,NO,21,17
2025_13_ATL_NYJ,2025,REG,NYJ,ATL,27,24
2025_13_ARI_TB,2025,REG,TB,ARI,20,17
2025_13_JAX_TEN,2025,REG,TEN,JAX,3,25
2025_13_MIN_SEA,2025,REG,SEA,MIN,26,0
2025_13_LV_LAC,2025,REG,LAC,LV,31,14
2025_13_BUF_PIT,2025,REG,PIT,BUF,7,26
2025_13_DEN_WAS,2025,REG,WAS,DEN,26,27
2025_13_NYG_NE,2025,REG,NE,NYG,33,15
2025_14_DAL_DET,2025,REG,DET,DAL,44,30
2025_14_SEA_ATL,2025,REG,ATL,SEA,9,37
2025_14_PIT_BAL,2025,REG,BAL,PIT,22,27
2025_14_CIN_BUF,2025,REG,BUF,CIN,39,34
2025_14_TEN_CLE,2025,REG,CLE,TEN,29,31
2025_14_IND_JAX,2025,REG,JAX,IND,36,19
2025_14_WAS_MIN,2025,REG,MIN,WAS,31,0
2025_14_MIA_NYJ,2025,REG,NYJ,MIA,10,34
2025_14_NO_TB,2025,REG,TB,NO,20,24
2025_14_DEN_LV,2025,REG,LV,DEN,17,24
2025_14_LA_ARI,2025,REG,ARI,LA,17,45
2025_14_CHI_GB,2025,REG,GB,CHI,28,21
2025_14_HOU_KC,2025,REG,KC,HOU,10,20
2025_14_PHI_LAC,2025,REG,LAC,PHI,22,19
2025_15_ATL_TB,2025,REG,TB,ATL,28,29
2025_15_CLE_CHI,2025,REG,CHI,CLE,31,3
2025_15_BAL_CIN,2025,REG,CIN,BAL,0,24
2025_15_ARI_HOU,2025,REG,HOU,ARI,40,20
2025_15_NYJ_JAX,2025,REG,JAX,NYJ,48,20
2025_15_LAC_KC,2025,REG,KC,LAC,13,16
2025_15_BUF_NE,2025,REG,NE,BUF,31,35
2025_15_WAS_NYG,2025,REG,NYG,WAS,21,29
2025_15_LV_PHI,2025,REG,PHI,LV,31,0
2025_15_GB_DEN,2025,REG,DEN,GB,34,26
2025_15_DET_LA,2025,REG,LA,DET,41,34
2025_15_CAR_NO,2025,REG,NO,CAR,20,17
2025_15_IND_SEA,2025,REG,SEA,IND,18,16
2025_15_TEN_SF,2025,REG,SF,TEN,37,24
2025_15_MIN_DAL,2025,REG,DAL,MIN,26,34
2025_15_MIA_PIT,2025,REG,PIT,MIA,28,15
2025_16_LA_SEA,2025,REG,SEA,LA,38,37
2025_16_PHI_WAS,2025,REG,WAS,PHI,18,29
2025_16_GB_CHI,2025,REG,CHI,GB,22,16
2025_16_TB_CAR,2025,REG,CAR,TB,23,20
2025_16_BUF_CLE,2025,REG,CLE,BUF,20,23
2025_16_LAC_DAL,2025,REG,DAL,LAC,17,34
2025_16_CIN_MIA,2025,REG,MIA,CIN,21,45
2025_16_NYJ_NO,2025,REG,NO,NYJ,29,6
2025_16_MIN_NYG,2025,REG,NYG,MIN,13,16
2025_16_KC_TEN,2025,REG,TEN,KC,26,9
2025_16_ATL_ARI,2025,REG,ARI,ATL,19,26
2025_16_JAX_DEN,2025,REG,DEN,JAX,20,34
2025_16_PIT_DET,2025,REG,DET,PIT,24,29
2025_16_LV_HOU,2025,REG,HOU,LV,23,21
2025_16_NE_BAL,2025,REG,BAL,NE,24,28
2025_16_SF_IND,2025,REG,IND,SF,27,48
2025_17_DAL_WAS,2025,REG,WAS,DAL,23,30
2025_17_DET_MIN,2025,REG,MIN,DET,23,10
2025_17_DEN_KC,2025,REG,KC,DEN,13,20
2025_17_HOU_LAC,2025,REG,LAC,HOU,16,20
2025_17_BAL_GB,2025,REG,GB,BAL,24,41
2025_17_SEA_CAR,2025,REG,CAR,SEA,10,27
2025_17_ARI_CIN,2025,REG,CIN,ARI,37,14
2025_17_PIT_CLE,2025,REG,CLE,PIT,13,6
2025_17_JAX_IND,2025,REG,IND,JAX,17,23
2025_17_TB_MIA,2025,REG,MIA,TB,20,17
2025_17_NE_NYJ,2025,REG,NYJ,NE,10,42
2025_17_NO_TEN,2025,REG,TEN,NO,26,34
2025_17_NYG_LV,2025,REG,LV,NYG,10,34
2025_17_PHI_BUF,2025,REG,BUF,PHI,12,13
2025_17_CHI_SF,2025,REG,SF,CHI,42,38
2025_17_LA_ATL,2025,REG,ATL,LA,27,24
2025_18_CAR_TB,2025,REG,TB,CAR,16,14
2025_18_SEA_SF,2025,REG,SF,SEA,3,13
2025_18_NO_ATL,2025,REG,ATL,NO,19,17
2025_18_CLE_CIN,2025,REG,CIN,CLE,18,20
2025_18_IND_HOU,2025,REG,HOU,IND,38,30
2025_18_TEN_JAX,2025,REG,JAX,TEN,41,7
2025_18_GB_MIN,2025,REG,MIN,GB,16,3
2025_18_DAL_NYG,2025,REG,NYG,DAL,34,17
2025_18_NYJ_BUF,2025,REG,BUF,NYJ,35,8
2025_18_DET_CHI,2025,REG,CHI,DET,16,19
2025_18_LAC_DEN,2025,REG,DEN,LAC,19,3
2025_18_ARI_LA,2025,REG,LA,ARI,37,20
2025_18_KC_LV,2025,REG,LV,KC,14,12
2025_18_MIA_NE,2025,REG,NE,MIA,38,10
2025_18_WAS_PHI,2025,REG,PHI,WAS,17,24
2025_18_BAL_PIT,2025,REG,PIT,BAL,26,24
