team,string,qb_name,value,notes,age,exp
Minnesota Vikings,3,Max Brosmer,-5.0,"Practice squad; QB3 after McCarthy trade 9/28 — value placeholder, verify",25,2
Atlanta Falcons,2,Tua Tagovailoa,-1.5,Startable vet behind Penix | Band re-grade 9/29 (-2.5->-1.5): backup band now -1.5..-4.0 (Sean: backups were underrated),28,6
Indianapolis Colts,2,Anthony Richardson Sr.,-2.0,Former starter; high upside | Band re-grade 9/29 (-2.5->-2.0): backup band now -1.5..-4.0 (Sean: backups were underrated),24,3
Kansas City Chiefs,2,Justin Fields,-1.5,Former starter | Band re-grade 9/29 (-2.5->-1.5): backup band now -1.5..-4.0 (Sean: backups were underrated),27,5
Cincinnati Bengals,2,Joe Flacco,-2.0,Proven veteran | Band re-grade 9/29 (-3.0->-2.0): backup band now -1.5..-4.0 (Sean: backups were underrated),41,18
Washington Commanders,2,Marcus Mariota,-2.0,"INJURED (right MCL sprain, no IR) — back to QB2 behind Daniels (restored Wk5); was Wk1-4 fill-in starter",,
San Francisco 49ers,2,Mac Jones,-2.0,Former starter | Band re-grade 9/29 (-3.0->-2.0): backup band now -1.5..-4.0 (Sean: backups were underrated),28,5
Cleveland Browns,2,Shedeur Sanders,-2.5,Rookie; Watson now starter | Band re-grade 9/29 (-3.0->-2.5): backup band now -1.5..-4.0 (Sean: backups were underrated),24,1
New York Giants,2,Jaxson Dart,-0.5,"INJURED (left knee surgery, meniscus) — IR, out at least rest of regular season (AP); Winston (ratings QB1, -4.0) starting; restore Dart if/when he returns",23,1
Baltimore Ravens,2,Tyler Huntley,-2.5,Mobile; has started games | Band re-grade 9/29 (-3.5->-2.5): backup band now -1.5..-4.0 (Sean: backups were underrated),28,6
Carolina Panthers,2,Kenny Pickett,-3.0,Former 1st-rounder | Band re-grade 9/29 (-3.5->-3.0): backup band now -1.5..-4.0 (Sean: backups were underrated),28,4
Detroit Lions,2,Joshua Dobbs,-3.0,Veteran QB2 (Bridgewater not on roster) | Band re-grade 9/29 (-3.5->-3.0): backup band now -1.5..-4.0 (Sean: backups were underrated),31,9
Green Bay Packers,2,Tyrod Taylor,-2.5,Veteran | Band re-grade 9/29 (-3.5->-2.5): backup band now -1.5..-4.0 (Sean: backups were underrated),37,15
Seattle Seahawks,2,Drew Lock,0.0,Back to QB2 (Darnold returned Wk3); started Wk1 relief + Wk2 (W 31-7 at ARI); grade 0.0 — one of the best backups in the NFL,29,8
New Orleans Saints,2,Spencer Rattler,-3.0,Developing | Band re-grade 9/29 (-3.5->-3.0): backup band now -1.5..-4.0 (Sean: backups were underrated),26,2
Pittsburgh Steelers,2,Mason Rudolph,-2.5,Veteran | Band re-grade 9/29 (-3.5->-2.5): backup band now -1.5..-4.0 (Sean: backups were underrated),31,8
Arizona Cardinals,2,Gardner Minshew II,-2.5,Veteran spot-starter | Band re-grade 9/29 (-3.5->-2.5): backup band now -1.5..-4.0 (Sean: backups were underrated),30,7
Tampa Bay Buccaneers,2,Baker Mayfield,1.5,"INJURED (dislocated R thumb Wk3, no fracture/ligament damage) franchise starter — out 3+ wks (~Wk7); Jalon Daniels (ratings QB1, -4.5) starting; restore Baker to QB1 when healthy",31,9
Denver Broncos,2,Jarrett Stidham,-3.5,Journeyman | Band re-grade 9/29 (-4.0->-3.5): backup band now -1.5..-4.0 (Sean: backups were underrated),,
Los Angeles Chargers,2,Trey Lance,-3.5,Former 1st-rounder; unproven | Band re-grade 9/29 (-4.0->-3.5): backup band now -1.5..-4.0 (Sean: backups were underrated),,
Houston Texans,2,Davis Mills,-3.5,Replacement-level | Band re-grade 9/29 (-4.0->-3.5): backup band now -1.5..-4.0 (Sean: backups were underrated),,
Tennessee Titans,2,Mitchell Trubisky,-3.0,Journeyman | Band re-grade 9/29 (-4.0->-3.0): backup band now -1.5..-4.0 (Sean: backups were underrated),,
Jacksonville Jaguars,2,Nick Mullens,-3.5,Journeyman | Band re-grade 9/29 (-4.0->-3.5): backup band now -1.5..-4.0 (Sean: backups were underrated),,
Dallas Cowboys,2,Joe Milton III,-3.5,Strong arm; raw | Band re-grade 9/29 (-4.0->-3.5): backup band now -1.5..-4.0 (Sean: backups were underrated),,
Philadelphia Eagles,2,Tanner McKee,-3.5,Developmental | Band re-grade 9/29 (-4.0->-3.5): backup band now -1.5..-4.0 (Sean: backups were underrated),,
New York Jets,2,Will Levis,-3.0,"Veteran backup (on ESPN + Sleeper roster); value placeholder, verify | Band re-grade 9/29 (-3.5->-3.0): backup band now -1.5..-4.0 (Sean: backups were underrated)",27,4
Miami Dolphins,2,Brady Cook,-4.0,"QB2 (Ewers not on roster; Sleeper lists Cook Out) — value placeholder, verify | Band re-grade 9/29 (-4.5->-4.0): backup band now -1.5..-4.0 (Sean: backups were underrated)",24,2
Las Vegas Raiders,2,Fernando Mendoza,-2.5,Rookie; raised per your read | Band re-grade 9/29 (-3.0->-2.5): backup band now -1.5..-4.0 (Sean: backups were underrated),22,0
Los Angeles Rams,2,Ty Simpson,-3.5,Rookie | Band re-grade 9/29 (-4.0->-3.5): backup band now -1.5..-4.0 (Sean: backups were underrated),,
Chicago Bears,2,Caleb Williams,3.0,"INJURED (Grade 2 right hamstring strain, 3-4 weeks per ESPN 9/27) franchise starter — Keenum starting; restore to QB1 when healthy",24,2
Buffalo Bills,2,Kyle Allen,-4.0,Deep journeyman | Band re-grade 9/29 (-4.5->-4.0): backup band now -1.5..-4.0 (Sean: backups were underrated),,
New England Patriots,2,Tommy DeVito,-4.0,Deep journeyman | Band re-grade 9/29 (-4.5->-4.0): backup band now -1.5..-4.0 (Sean: backups were underrated),,
Las Vegas Raiders,3,Aidan O'Connell,-4.5,Real starting experience,,
Tennessee Titans,3,Hendon Hooker,-5.5,"Practice squad (Levis now on NYJ) - value placeholder, verify",,
Minnesota Vikings,2,Carson Wentz,-1.0,"QB2 behind Murray; rated -1.0 = his value as a fill-in starter (started Wk2, 9-3 W vs CHI for concussed Murray). McCarthy traded to NYG 9/28",33,11
Dallas Cowboys,3,Sam Howell,-4.5,Has starting experience,,
Philadelphia Eagles,3,Andy Dalton,-4.5,Proven veteran,,
Chicago Bears,3,Case Keenum,-2.5,Back to backup after Wk3 fill-in start; Bagent named Wk5 starter while Caleb (hamstring) is out,,
New Orleans Saints,3,Zach Wilson,-5.0,Former #2 overall,,
Cincinnati Bengals,3,Josh Johnson,-5.0,Career journeyman,,
Baltimore Ravens,3,Skylar Thompson,-5.0,Spot backup,,
New York Giants,3,J.J. McCarthy,-3.0,"Acquired from MIN 9/28 for a 2027 5th; Harbaugh: Winston stays starter, McCarthy learns the offense as backup. Value carried from MIN (-3.0); sprained ankle earlier in Sept",23,3
Cleveland Browns,3,Dillon Gabriel,-5.0,Rookie,,
Green Bay Packers,3,Kyle McCord,-5.0,Rookie,,
Arizona Cardinals,3,Carson Beck,-5.0,Rookie,,
Pittsburgh Steelers,3,Will Howard,-5.5,Rookie,,
Houston Texans,3,Graham Mertz,-5.5,"Rookie — IR (ACL, season)",,
Indianapolis Colts,3,Riley Leonard,-5.5,Rookie,,
Kansas City Chiefs,3,Garrett Nussmeier,-5.5,Rookie,,
Seattle Seahawks,3,Jalen Milroe,-5.5,Raw rookie,,
Carolina Panthers,3,Will Grier,-5.5,Journeyman,,
Denver Broncos,3,Sam Ehlinger,-5.5,Deep backup,,
Los Angeles Chargers,3,DJ Uiagalelei,-5.5,Rookie,,
Los Angeles Rams,3,Stetson Bennett IV,-5.5,Deep backup,,
San Francisco 49ers,3,Adrian Martinez,-5.5,Deep backup,,
Miami Dolphins,3,Kyle McCord,-5.5,"QB3 (Miller not on roster) — value placeholder, verify",24,1
Buffalo Bills,3,Shane Buechele,-6.0,Camp arm,,
New England Patriots,3,Behren Morton,-6.0,Raw rookie,,
New York Jets,3,Cade Klubnik,-4.0,Rookie; QB3 behind Levis (string order vs Levis unverified — Sleeper lists Klubnik 3rd),22,0
Jacksonville Jaguars,3,Carter Bradley,-6.0,Deep backup,,
Washington Commanders,3,Athan Kaliakmanis,-6.0,Raw rookie,,
Detroit Lions,3,Luke Altmyer,-6.0,"Raw rookie, practice squad",,
Tampa Bay Buccaneers,3,Easton Stick,-4.5,"Practice-squad veteran (Bazelak no longer on roster) — emergency QB behind rookie Daniels; value placeholder, verify",31,7
Atlanta Falcons,3,Cooper Rush,-4.5,"QB3 behind Penix/Tua; downgraded -3.5->-4.5 Wk2 — awful in the 34-3 loss (pick-6, 26.7 PFF) vs a CAR D that had allowed 59 the week before",31,10
Atlanta Falcons,4,Jack Strand,-5.5,Rookie UDFA; pick-6 in Wk2 relief debut,23,1
New York Giants,4,Jake Haener,-4.5,"Backup (Brandon Allen no longer on roster); behind McCarthy after 9/28 trade — value placeholder, verify",27,3
