team,conf,division,qb_name,qb_value,off_value,def_value,hc_name,coaching_value,oc_name,dc_name,scheme_value,your_edge,needs_review,notes,age,exp
Buffalo Bills,AFC,East,Josh Allen,6.5,1.1,-0.5,,0.0,,,0.0,0.0,N,"+DJ Moore WR1; OL (Corbett/Cushenberry); lost Cooks/Davis/Samuel. Off 1.0→0.6: receiver room thin behind Moore + both complementary starters dinged (Coleman foot/toe, Shakir ankle — both exp Wk1); good-not-elite group that leans on Allen — but good OL & James Cook (top-tier RB). D lost Bosa/Milano, +Chubb/CGJ/Stone; expect WORSE than 2025: lost HC McDermott (still rated his D better), new HC Joe Brady, new DC Jim Leonhard (1st NFL DC) installing aggressive hybrid 3-4 vs McDermott zone-heavy = transition risk. Wk1 held 6.6 (beat HOU 36-31 & covered): Allen elite (4 TD, 357 yds vs a vaunted D); OL flag — Allen sacked 8x; Allen R-fingers minor. Off 0.6→1.1 (Wk2): dominated DET 41-31, out-gained +91, Allen surgical (PFF 90.6, 3 TD/0 INT, ran well); complementary WRs producing (Coleman/Shakir/Kincaid). DJ Moore AC-joint sprain (shoulder, Q2 vs DET) NOT serious per Schefter/ESPN — day-to-day, good chance Wk3 — so full +0.5 (would've been +0.2 if Moore trending out) Wk3 (W 24-16 vs LAC): all HELD 7.1 — won despite 5 TO; Allen worst game (PFF 62.3, 2 INT, lost fumble) = one game. CB1 Benford toe, walking boot -> Def -0.2 if he misses; DT T.J. Sanders appendectomy, out indefinitely.",30,8
Miami Dolphins,AFC,East,Malik Willis,-2.0,-1.9,-1.5,,0.0,,,0.0,0.0,Y,"WR gutted (Hill/Waddle/Wilson out); D lost Chubb/Fitzpatrick, +Uche/Ojabo. Wk2 (L 13-35 at SF): bad but didn't feel that bad — QB Willis -1.5->-2.0 (may have had him too high). Off/Def held -1.5 Wk3 (L 10-24 vs KC): Off -1.5->-1.9 — Achane torn ACL (season), the one elite piece; Willis held -2.0; Def held.",27,4
New England Patriots,AFC,East,Drake Maye,1.0,-0.9,0.5,,0.0,,,0.0,0.0,Y,"+A.J. Brown/Doubs/Vera-Tucker big skill upgrade; D +Dre'Mont Jones/Byard. Wk1 (L 10-13 at SEA): Off 0.5→-0.5 — A.J. Brown high-ankle sprain (on IR ~6 wks) removes the WR1; Maye poor but moved it. Wk2 (W 20-3 vs PIT): QB 3.0->2.5 — Maye bad again (1TD/4INT over 2 wks, shaky since late '25), tho vs an elite D; Off -0.5->-0.7 — RG Mike Onwenu ankle (rolled up by Watt, likely SEASON), stacked on no A.J. Brown/no Carlton Davis; Def 0.5->0.7 slight nudge — smothered a vet QB (held PIT offense to 13; Woodson/Dean/Barmore/Ponder scoop-TD), tempered bc PIT's box ~13 expected. Lost Woodson(S)/Dre'Mont Jones in the game too Wk3 (L 6-35 at JAX): Maye 2.5->1.0 (-1.5, Sean's call) — 28.1 PFF (last of 30), 5 TWP, 1TD/6INT season; Off -0.7->-0.9 — 3rd-string RG (Van Roten thigh; Onwenu IR), 0-3 RZ; Def 0.7->0.5 — JAX 5/5 RZ w/o Woodson+Dre'Mont Jones; Davis head inj.",24,2
New York Jets,AFC,East,Geno Smith,-1.5,-0.5,0.3,,0.0,,,0.0,0.0,Y,"Geno held -2.0; Wk1 (beat TEN 23-10 on road): Off -1.0->-0.5 — OL dominated, Breece Hall 102/TD, Geno 19/24 efficient (Garrett Wilson WR1, ascending OL Fashanu/Tippmann/Membou); Def -1.0->-0.2 — strong unit (Fitzpatrick/Davis/Sweat/Onyemata) held TEN to 10/195 w/ 3 sacks, but not all the way to avg b/c TEN was overrated preseason; Minkah groin (DNR), rookie WR Cooper ankle, Ossai (plantar fascia) inactive. Wk2 (L 17-20 OT to GB): Def -0.2->0.3 (+0.5) — dominated the box (out-gained GB, +97 1H; model expected NYJ by 9), Jets should have won; D is legit. Off/QB held Wk3 (L 24-31 at DET): Geno -2.0->-1.5 — 31/37 321 3TD 0INT, 0 INT on year; Off held pending Hall (R thigh, MRI) / Parham (knee) — -0.3 if Hall out, -0.1 more if Parham out; Def held (31 to elite DET, no Minkah/Onyemata).",36,13
Baltimore Ravens,AFC,North,Lamar Jackson,4.5,0.8,0.5,,0.0,,,0.0,0.0,Y,"Henry/Flowers elite; OL lost Linderbaum to LV. D: elite talent +Hendrickson/Campbell + Hamilton/Roquan/Humphrey/Starks/Wiggins; new HC Jesse Minter (Macdonald style); caveat Madubuike neck surgery. Wk1 (beat IND 41-23, 506 yds): Off 0.5->0.8 — Henry 144/3TD. Wk2 (L 17-24 vs NO as ~8.5 HOME FAVORITE — lost outright, unacceptable): team -1.0 — Lamar 4.5->4.0 (-0.5: terrible game-sealing INT at the end, didn't close, 21/31 235 1TD 1INT) + Def 1.0->0.5 (-0.5: let a thin, banged-up NO offense score 24 and win in Baltimore as big favorites). Off held 0.8 Wk3 (W 34-31 vs DAL, neutral Rio): Lamar 4.0->4.5 (restored — 15/20 186 2TD 0INT, 94.0 QBR). Off held (Flowers back offset by C Gwyn ankle/Pocic knee + LT Stanley toe). Def held (Madubuike back, 90).",29,8
Cincinnati Bengals,AFC,North,Joe Burrow,5.0,0.7,-0.3,,0.0,,,0.0,0.0,Y,"Chase/Higgins elite; OL improved — ~slightly below avg; D big +Dexter Lawrence/Jon Allen/Mafe/Dugger (retooled, still gelling). Wk1 (beat TB 33-27): Off 0.5→0.7; D held -0.5 (4 TB fumbles = variance). Wk2 (W 20-6 at HOU): Def -0.5->0.0 (+0.5) — looked great, held HOU to 6 (tho HOU out-gained CIN & was without Nico Collins). Burrow 20/31 207 2TD 0INT; Off/QB held Wk3 (L 27-30 at PIT): Def 0.0->-0.3 — allowed 411/7.0 ypp, no D grade >63; B.J. Hill Achilles inactive 2nd wk. Burrow 28/37 282 3TD (84.2, #1) held; Off held.",30,6
Cleveland Browns,AFC,North,Deshaun Watson,-2.5,-0.8,0.5,,0.0,,,0.0,0.0,N,"OL +Howard/Z.Johnson/Jenkins; D lost Garrett (to LAR), +Verse/Quincy Williams. Wk1: Watson -2.5→-3.0 (below worst-starter floor — PFF 37.0, 3 TWP); Def 1.0→0.5 (secondary carved by JAX/Lawrence 4TD); Off held -1.0. Wk2 (W 23-19 at TB): Watson -3.0->-2.5 — proved at least competent (24/30 238 2TD 0INT, 69.1 QBR/PFF). Off -1.0->-0.8 (+0.2): rookie WR Denzel Boston looks nice — 2 TD in first 2 career games. Def held 0.5 Wk3 (W 21-18 vs CAR): all HELD -2.8 — Watson results fine (2 TD/0 INT) but process bad (PFF 39.1 29th/30, 3 TWP); Def RZ stops but allowed 360 yds. CB T.Campbell hip/ankle inactive; RG T.Jenkins back (3rd straight).",31,9
Pittsburgh Steelers,AFC,North,Aaron Rodgers,-1.2,0.2,1.0,,0.0,,,0.0,0.0,Y,"+Pittman/Dowdle; TJ Watt D +Dean/Savage; Wk1 held 0.0 (beat ATL 20-13 & covered): D carried (Watt pick-6) vs 3rd-string ATL; offense sluggish but that's already priced (Rodgers -1.0). Wk2 (L 3-20 at NE): QB -1.0->-1.5 — Rodgers awful (26.8 QBR, 51.5 PFF, 0TD/1INT); Off HELD 0.0 (box says ~13 expected on 235 yds/16 1D — moved it, stalled in RZ; WAS MISSING WR Pittman) & Def HELD 1.0 (held NE offense to 13; Herbig 93.9/Benton 90.6/Queen/Watt 2sk). WATCH: Pittman out next wk -> Off -0.2; Dowdle out -> another -0.1 Wk3 (W 30-27 vs CIN): QB -1.5->-1.2 (292 3TD, 63.0 PFF); Off 0.0->+0.2 (Pittman back, Warren 91); Def held. WATCH: Ramsey upper-body + Echols concussion -> -0.2 if they miss TNF.",43,21
Houston Texans,AFC,South,C.J. Stroud,0.5,-0.7,2.0,,0.0,,,0.0,0.0,N,"Nico Collins +Montgomery; −0.2 O: J.Higgins IR (slight downgrade), +Boutte but still learning playbook; D Anderson/Stingley elite. Wk1 held 2.8 (L 31-36 to BUF): D gave up 36 but to peak Allen (QoC) while generating 8 sacks — held, not dinged; Stroud struggled again (already priced); watch if D leaks vs non-elite offenses. Wk3: Nico Collins OUT (Grade 1 hamstring, 2nd straight missed game) — Off 0.3 -> -0.7 (-1.0), per the pre-set conditional; restore when he returns Wk3 (L 17-19 at IND): held 1.8 — won TO 3-0, still lost; O can't move w/o Nico (223 yds). Nico 'decent chance' Wk4 -> restore Off +1.0. LB To'oTo'o IR shoulder, Speed PUP. Stroud QBR slide 70/49/47 = watch.",25,3
Indianapolis Colts,AFC,South,Daniel Jones,0.5,0.6,-0.5,,0.0,,,0.0,0.0,Y,"Jonathan Taylor (elite RB) + strong OL + Pierce/Keenan Allen/Downs + Tyler Warren = above avg. Wk1 (L 23-41 to BAL): Jones rusty back from Achilles; Def 0.0->-0.5. Wk2 (L 30-33 at KC): both units up — Jones -0.5->0.5 (looks pretty healthy now, moved the ball to 30 in KC); Off 0.5->0.8 (+0.3). Def held -0.5 (below avg, but based on the offenses played — fine there) Wk3 (W 19-17 vs HOU): Jones HELD 0.5 (Sean's call; poor Wk3 — QBR 36, 4 TWP); Off 0.8->0.6 (Pierce IR L heel, >=4 gms); Def -0.5 held (vs Nico-less HOU).",29,7
Jacksonville Jaguars,AFC,South,Trevor Lawrence,3.5,0.5,0.3,,0.0,,,0.0,0.0,Y,"BTJ/Thomas Jr; D lost Lloyd, +Orhorhoro. Wk1 (beat CLE 34-10): Lawrence 3.0→3.5 (best game of his career: 150.6 rating, 93.4 QBR, 18/23 4TD/0INT); Off 0.0→0.5; Def 0.0→0.5 (NFL #1 run D 2025, stuffed Judkins). Wk2 (L 13-20 at DEN): Off HELD 0.5 (2nd-half lag, but graded vs a good DEN D — opponent-based); Def 0.5->0.0 (-0.5): faded in the 2nd half. QB held 3.5 Wk3 (W 35-6 vs NE): Def 0.0->0.3 — 3 takeaways, NE 0-3 RZ; tempered (depleted NE). QB/Off held — box ~23 not 35. Clean injury-wise.",27,5
Tennessee Titans,AFC,South,Cam Ward,-1.0,-1.0,-0.7,,0.0,,,0.0,0.0,Y,"Wk1 (L 10-23 to NYJ) — big recalibration, had them wrong preseason. Cam Ward (2nd yr, 2025 #1 pick) 0.0->-1.0: 19/32 140yd, 3 sacks, missed open throws, R-shoulder injury Q1 (played thru); Off -0.5->-1.0: OL whipped, 195 total yds, no TD til Q4; Def 0.0->-1.0: no impact vs a bottom-tier offense (Saleh HC debut). +Wan'Dale/Ridley; LB Cedric Gray concussion. Wk2 (L 20-24 vs PHI, 157F heat): 'won the tape, lost the game' — led 20-17 late (Marcus Harris INT) before Hurts' last-second TD. Cam Ward efficient (70.8 PFF, 13/20 183, 0 TO), Jeffery Simmons dominant (83.4/6 prs); moved the ball, out-gained PHI in 2H. Off -1.0->-0.9 (+0.1, very slight): more competent than Wk1. QB/Def held Wk3 (L 7-12 at NYG, nor'easter): Def -1.0->-0.7 (+0.3) — 2nd straight good D, 0 TDs allowed, Simmons 80.0; Off -0.9->-1.0 (-0.1) — 34 yds 1st half, RG Carmona ankle, Spears ankle; Ward held.",24,1
Denver Broncos,AFC,West,Bo Nix,-0.5,0.5,1.5,,0.0,,,0.0,0.0,Y,"QB 0.0 (ascending Nix, Payton system); Off 0.5 (+Waddle, Sutton, top-5 OL); D elite Surtain/Bonitto/Zach Allen/Hufanga; EDGE Jonathon Cooper on Commissioner's Exempt List thins the rush. Wk1 (L 10-31 at KC): Def 1.7->1.2 — run all over (Ken Walker career high); Bo Nix awful. Wk2 (W 20-13 vs JAX): Def 1.2->1.5 (+0.3, back toward preseason) — looked good, held JAX to 13 & shut down their 2nd half; Bo Nix unimpressive (held 0.0); Off 0.5 held Wk3 (W 30-26 vs LAR — lucky: out-gained 482-257, Hufanga pick-six): Nix 0.0->-0.5 (PFF 41.7/QBR 46.4, 2nd poor game in 3). Off/Def held.",27,2
Kansas City Chiefs,AFC,West,Patrick Mahomes,4.5,0.5,-0.5,,0.0,,,0.0,0.0,N,"D +Sneed/Elam. Wk1 (beat DEN 31-10): Mahomes 3.5->4.0 — clean return from torn ACL/LCL. Wk2 (W 33-30 vs IND): Mahomes 4.0->4.5 — looks great (32/47 382 3TD 0INT, 78.6 QBR), full restore; Off 0.0->0.5 — Kelce playing well + Ken Walker looking great. Def -0.5 held Wk3 (W 24-10 at MIA): held — Mahomes 20/24, 82.4 PFF; LT Simmons (back) out 3rd straight, interior OL weak; no new injuries.",31,9
Las Vegas Raiders,AFC,West,Kirk Cousins,-1.0,-0.1,-0.5,,0.0,,,0.0,0.0,Y,"C Linderbaum add. D Crosby +Paye/Q.Walker/Dean. Wk1 (beat MIA 27-13, never trailed): Off -1.0->-0.5 — Jeanty carried it (102 rush + 2 rec TD); Cousins mixed (3 TD/2 INT). Wk2 (W 26-14 at LAC): Cousins -2.5->-1.5 (+1.0) — played well in a road win; Def -1.0->-0.7 (+0.3) — solid, held LAC to 14. Off held -0.5 (Jeanty). Wk3: Brock Bowers (knee, meniscus trim Sept 8) expected to make season debut vs NO — Off -0.5 -> -0.2 (+0.3) Wk3 (W 35-27 at NO, 3-0): Cousins -1.5->-1.0 (3TD/0INT, 3 TD every game); Off -0.2->-0.1 (Bowers 10-116-1 +0.2; WR Bech broken forearm IR -0.1); Def -0.7->-0.5 (4 takeaways; tempered — 381 yds allowed).",38,14
Los Angeles Chargers,AFC,West,Justin Herbert,1.0,-0.5,-0.7,,0.0,,,0.0,0.0,Y,"McConkey +Njoku; C Tyler Biadasz out for season (knee/IR); D Mack +Tomlinson. Wk1 (L 14-26 vs ARI, home upset ~9pt fav): Herbert 4.0->3.0 (poor); Off 0.3->0.0 (OL horrible); Def 0.5 held. Wk2 (L 14-26 vs LV): serious rethink (not overreact) — Herbert 3.0->1.5: awful 2nd straight game, no way higher than 1.5 right now; Off 0.0->-0.5: offense looked horrible (largely play-calling); Def 0.5->-1.0 (-1.5): rolled on D 2 weeks straight vs two below-avg teams (ARI, LV) on the weakest schedule — may be a slight overreaction but warranted Wk3 (L 16-24 at BUF): Herbert 1.5->1.0 (3rd straight poor; PFF 45.7 26th/30, QBR 29.2, goal-line INT); Off HELD -0.5 (348 yds even w/ BUF, 1-4 RZ; Pipkins MCL); Def -1.0->-0.7 (+0.3): 5 takeaways/4 sacks short-handed. CB D.Jackson concussion; Molden/Tomlinson hamstring; Njoku IR (earliest Wk7).",28,6
Dallas Cowboys,NFC,East,Dak Prescott,2.0,1.0,-1.3,,0.0,,,0.0,0.0,Y,"CeeDee Lamb + George Pickens (elite WR duo) +MVS; Off 0.5->1.0 (elite WR duo), tempered by All-Pro LG Tyler Smith IR (torn thumb, ~4-6 wks); Def 0.0->-0.5: lost Parsons (to GB). Wk1 (L 20-28 at NYG, SNF): Def -0.5->-1.0 — shredded by Jaxson Dart (28/3TD) + lost S Malik Hooker (forearm)/LB Overshown (hamstring). Wk2 (W 37-20 vs WSH): Dak 1.5->2.0 (+0.5) — 26/31 279 4TD 0INT (89.8 QBR), sharp; Off/Def held Wk3 (L 31-34 vs BAL, neutral Rio): Def -1.0->-1.3 — secondary crisis: S J.Thompson hamstring 4-6 wks, CB Revel R knee (pending), Hooker forearm fx, Durant hamstring, Locke IR + LB Overshown. Dak/Off held.",33,10
New York Giants,NFC,East,Jameis Winston,-4.0,0.0,0.1,,0.0,,,0.0,0.0,Y,"Nabers +aging WRs (OBJ/Mooney/JuJu); D +Edmunds/Burns. Wk1 (beat DAL 28-20, SNF): Dart Pro-Bowl-caliber (23/29 230 3TD); Off -0.5->0.0; Def 0.5. Wk2 (L 6-28 at LAR): QB Jaxson Dart (-0.5) OUT — severe left knee on opening drive, extended absence / potentially SEASON-ENDING; ACTIVE starter now Jameis Winston, whose personal grade is dropped -3.0->-4.0 (looked horrible: 11/27 111 0TD 1INT, 17.2 QBR). RESTORE Dart if/when he returns. Rest of NYG (Off 0.0/Def 0.5) held Wk3 (W 12-7 vs TEN, nor'easter): Def +0.5->+0.1 (-0.4) — EDGE Brian Burns R knee, believed torn ACL (MRI pending); DB cluster Banks/Nubin calf, Adebo/Black IR. Dart L knee surgery, out rest of reg season. Acquired J.J. McCarthy (MIN, 2027 5th) 9/28 — Winston stays starter. QB/Off held.",23,1
Philadelphia Eagles,NFC,East,Jalen Hurts,2.0,0.2,0.5,,0.0,,,0.0,0.0,N,"Off 0.0->0.5: lost A.J. Brown but still a solid group — Saquon Barkley (elite RB) + DeVonta Smith + Goedert + good OL; D +Greenard/Epenesa, lost edges (Graham/Ojulari/Phillips). Wk1 held 3.0 (beat WSH 24-22, narrow): Hurts efficient (3 TD) but sacked 3x; G Landon Dickerson IR (knee). Wk2 (W 24-20 at TEN, 157F heat): unimpressive but found a way — Hurts game-winning 3-yd TD to Cooper w/ 0:09 left; Hurts 80.2 PFF (2 TD/2 INT), DeVonta Smith 93.2 carried. Off 0.5->0.2 (-0.3): TE Dallas Goedert (knee, out a few weeks) — 2nd-best receiving option gone. QB/Def held. WATCH: Saquon Barkley stinger (opening play, returned, precautionary MRI)",28,6
Washington Commanders,NFC,East,Marcus Mariota,-2.5,-0.8,-1.5,,0.0,,,0.0,0.0,Y,"McLaurin +White; −1.0 O: Laremy Tunsil IR (torn triceps). D +Chaisson/Omenihu/Oweh. Wk1 (L 22-24 at PHI). Wk2 (L 20-37 at DAL): QB Jayden Daniels (+2.0) OUT — dislocated left (non-throwing) elbow, ruled out Wk3, projected multiple games (poss IR); ACTIVE starter now Marcus Mariota -3.0; RESTORE Daniels when healthy. Def -1.0->-1.5: awful, and it looked bad even with Daniels in the lineup. Off held -1.0 Wk3 (W 33-31 vs SEA): Mariota -3.0->-2.5 (3TD 0 TO; 2 clean relief games). Won on 3-0 TO margin; box had SEA by ~8. Off -1.0->-0.8 (+0.2, Sean's call — slight upgrade; note only 258 yds, so modest). Def held. LB Chenal neck (hospital), Luvu groin; Cosmi concussion. Daniels back within ~3 wks.",26,2
Chicago Bears,NFC,North,Case Keenum,-4.5,1.0,-0.8,,0.0,,,0.0,0.0,N,"Lost DJ Moore (to BUF); Odunze/Burden; OL +Wills/Bradbury. Wk1 (beat CAR 59-37): Off 0.0->1.0 — 552 yds/291 rush, Caleb surgical (21/29 269 2TD +65 rush/2TD); tempered by CAR's historically bad D. Def -0.5->-1.0 — gave up 37/361. Wk2 (L 3-9 at MIN): QB Caleb Williams (+3.0) OUT — right hamstring Q4, week-to-week, ruled out Wk3; ACTIVE starter now vet Case Keenum -4.5 (Bagent, the usual QB2, is in concussion protocol); RESTORE Caleb when healthy. Off HELD 1.0 (the 3-pt dud was finishing + 2 TOs + Caleb's injury, not talent — hung 59 Wk1; box had CHI ~17 expected). Def -1.0->-0.8 (+0.2): held MIN to 9 & forced 2 TOs (both Ds played well), tho WEATHER was a major factor suppressing both offenses + MIN was Wentz-limited and also stalled",25,2
Detroit Lions,NFC,North,Jared Goff,2.0,1.0,-1.5,,0.0,,,0.0,0.0,N,"Gibbs/St.Brown/Williams elite +Pacheco(IR); D Hutchinson, lost Reader/Anzalone; Def 0.0->-1.0: BOTH All-Pro safeties out 4+ games (Branch ruptured Achilles/PUP; Kerby Joseph knee, may be season/IR) — Hutchinson keeps it off the floor. Def -1.0→-1.5 (Wk2): downgrade is about the players ON THE FIELD, NOT the absent safeties (already priced at -1.0). The current unit has PROVEN to be one of the worst Ds in the NFL as a whole — 2nd straight 30+ allowed (30 NO, 41 BUF), coverage carved up (Campbell 28.8, D.White 30.8, Maddox 27.4). Has good DL pieces (Walker, Hutchinson) but the group has not shown it can be anything but bottom-tier Wk3 (W 31-24 vs NYJ): held — Goff/Off to grade (Sewell 92, Gibbs 3 TD, Mahogany back); Def held — best week (5 sk) vs weak O, offset by S Thomas Harper IR (ankle, >=Wk7); Joseph PUP indefinite, Branch closer.",32,10
Green Bay Packers,NFC,North,Jordan Love,0.5,0.0,-0.8,,0.0,,,0.0,0.0,Y,"Jacobs (won exempt-list appeal, plays Wk1; conduct case pending); lost Doubs/Wicks; D +Hargrave/Franklin, lost Gary; +Parsons but on PUP/torn ACL, out first ~4 games (upside ~Wk5) CORRECTION: Jacobs has NOT played in 2026 — Commissioner's Exempt List since Aug 30, no imminent return (Rapoport 9/27). Wk3 (L 14-35 vs ATL): Love 1.0->0.5 (3 straight below-avg; PFF 46.7 25th/30, QBR 43.2); Off 0.5->0.0 (no Jacobs + OL attrition: RT Bako-Bewele season knee, LG Banks out, rookie Burton 23 PFF, RG Monk quad; Reed neck); Def -0.5->-0.8 (terrible — run over for 242; Cooper concussion eval). Parsons PUP ~Wk5+.",28,6
Minnesota Vikings,NFC,North,Kyler Murray,-0.5,0.8,1.0,,0.0,,,0.0,0.0,Y,"Jefferson/Addison +Jennings; D lost Greenard/Allen/Hargrave. Kyler Murray (signed after ARI released him Mar '26) restored to QB1 -0.5: concussed Q1 Wk1 vs GB, cleared protocol, RETURNS to start Wk3 vs TB. Wentz ably filled in (started Wk2, 9-3 win vs CHI, 58.9 game-manager) — now QB2; McCarthy (ankle, multi-week; trade chatter) QB3. Off HELD 1.0 (stalled to 9, Jefferson quiet — a Wentz/grind game; Murray back Wk3). Def 0.5->0.7 (+0.2): takeaway-driven 9-3 win (2 TOs forced, Van Ginkel 5 prs, Dallas Turner sack; D played well), tempered bc WEATHER was a major factor suppressing both O's + CHI moved the ball (297 yds/17 1D) and left points on the field. QB slight upgrade next wk: Murray (-0.5) back over Wentz fill-in (-1.0) — already priced Wk3 (W 23-16 at TB; box 13-12, PR TD): Def 0.7->1.0 — 6 sacks, 2 INT, TB 2/17 3rd dn; Off 1.0->0.8 — 230 yds, Jefferson ankle (MRI Mon; -0.3 more if he misses games). Murray held. Traded McCarthy to NYG 9/28.",29,7
Atlanta Falcons,NFC,South,Michael Penix Jr.,-1.5,1.0,-0.8,,0.0,,,0.0,0.0,Y,"QB: Michael Penix Jr. (franchise starter) QB1 -2.0 — RETURNS Wk3 vs GB (TNF), his 2026 debut off a torn ACL. Missed Wk1-2; Tua (oblique, doubtful) QB2 -2.5; fill-in Cooper Rush now QB3 (downgraded -3.5->-4.5 Wk2: awful — 34-3 loss w/ pick-6 vs a CAR D that had allowed 59 the week before), rookie UDFA Jack Strand QB4. Penix -2.0 held: now 2.5 better than Rush (-4.5), clears the >1.5 gap. Off HELD 1.0 (Wk2's 3 pts was the Rush QB collapse, not the weapons — London 83.4/Bijan fine — and Penix is back). Bijan/London +B.Robinson; Def 0.0->-0.5 (edge gutted thru Wk8: Jalon Walker season ACL/IR + Pearce 8-game susp; aging Ebukam/Ojulari)-> -1.0 Wk2: CB1 A.J. Terrell (the secondary's anchor) to IR (concussion+groin); Ebukam hamstring out. 0.5 for now, WATCHING Wk3 (W 35-14 at GB): Penix -2.0->-1.5 — strong 2026 debut off 3rd ACL (18/25 256 1TD 1INT, PFF 73.0 8th/30, QBR 84.9); Off HELD 1.0 (Bijan 29-194-2, London 9-194; top of band); Def -1.0->-0.8 (+0.2): front dominated (GB 17 rush yds), kept small — GB depleted. Terrell IR (groin, earliest Wk7); Ebukam hamstring out.",26,3
Carolina Panthers,NFC,South,Bryce Young,1.0,-0.6,-0.6,,0.0,,,0.0,0.0,Y,"McMillan +Dillon; D +Jaelan Phillips/Devin Lloyd. Wk1 (L 37-59 to CHI, record-high pts allowed): QB Young 0.5->1.0 — 361 yds/3 TD +rush TD, competed in a shootout behind an OL missing BOTH starting OTs (Ekwonu+Moton); Off -1.0->-0.8 — produced 37 despite the tackle losses (rises more as OTs return); Def 0.0->-0.5 — humiliated, franchise-record pts allowed; DT Bobby Brown back injury. Wk2 (W 34-3 at ATL): Off -0.8->-0.6 (+0.2) & Def -0.5->-0.2 (+0.3), both held LOW for QoC — ATL was down to 3rd-string Cooper Rush (Penix ACL/Tua oblique out; Rush pick-6). D proved it can dominate a bad QB + mostly shut down ATL's top weapons (near-shutout, ~4-5 TOs forced; Devin Lloyd 92.3, Horn locked his side). Young unchanged (clean 287/3TD/0INT); Nick Scott S ribs (out Q1, depth); front feasted Wk3 (L 18-21 at CLE): Def -0.2->-0.6 (-0.4, availability): CB1 Horn TORN QUAD (IR, possibly season) + CB M.Jackson groin, on top of Lloyd calf/Scott ribs. Young HELD 1.0 (lower-body, returned — watch). Off HELD -0.6 (out-gained CLE 360-259; RZ/4th-down failures).",25,3
New Orleans Saints,NFC,South,Tyler Shough,0.0,0.0,-0.3,,0.0,,,0.0,0.0,Y,"Olave/Kamara +Etienne; rookie 1st-rd WR Jordyn Tyson out ~2mo; Def 0.0->-0.3: IR pileup (DT Bresee, LB Ford season, CB Long) on an already-thin unit (lost Davis); Chase Young/Cam Jordan edge the bright spot. Wk1 (L 30-31 OT at DET): QB -1.0->-0.5 — 2nd-yr Shough led a 21-0 comeback to force OT; more than replacement-level. Wk2 (W 24-17 at BAL, ~8.5-pt road DOG — big upset): Shough -0.5->0.0 (+0.5) — LEADS THE NFL in passing yards; 27/34 252 1TD 0INT, 76.8 QBR. Off 0.0->0.3 (+0.3): impressive road win over a top team. Def held -0.3 Wk3 (L 27-35 vs LV): Off 0.3->0.0 — LT Kelvin Banks high-ankle surgery (Wk2), out months (-0.2); Etienne L hamstring aggravated (-0.1, restore if OK). Shough held. Def held (-0.5 if Granderson/Werner miss time).",27,1
Tampa Bay Buccaneers,NFC,South,Jalon Daniels,-4.5,0.5,-0.7,,0.0,,,0.0,0.0,Y,"Godwin/Egbuka, lost Mike Evans (to SF); D lost Reddick/David. Wk2 (L 19-23 vs CLE; weird game — 2+hr rain delay before the final 2 min killed TB's momentum): Baker 2.0->1.5 — looked bad (21/34 182 1TD 1INT, 53.1 QBR). Def -0.5->-1.0 (-0.5): got toasted by the Browns (allowed 23 to a bottom-tier CLE offense). Off held 1.0 Wk3 (L 16-23 vs MIN): QB Baker 1.5 -> Jalon Daniels -4.5 (UDFA rookie) — Baker dislocated R thumb, out 3+ wks (~Wk7), RESTORE Baker 1.5; Off 1.0->0.5 — 6 sacks allowed, 3.1 ypc; Def -1.0->-0.7 — held MIN to 230 w/o Bain (groin) + Trotter (shoulder).",,0
Arizona Cardinals,NFC,West,Jacoby Brissett,-1.0,-0.3,-0.8,,0.0,,,0.0,0.0,Y,"Harrison Jr +Allgeier/Bourne; D +Billings/Lopez. Wk1 (beat LAC 26-14 on road as ~9pt dog — had them underrated): Off -1.0->-0.5 — Brissett efficient (27/37 277 0INT 103.1), McBride + Mike LaFleur scheme moved it; Def -1.0->-0.5 — held Herbert to 14, 3 sacks + a takeaway (some ST help: blocked punt). QB Brissett held -1.5 Wk3 (L 30-36 at SF; box even): Brissett -1.5->-1.0 — 38/52 280 2TD 0INT, 76.6 PFF (6th); Off -0.5->-0.3 — 27 1D, 0 TO; Def -0.5->-0.8 — CB1 Will Johnson neck IR (likely season) + allowed 36.",34,10
Los Angeles Rams,NFC,West,Matthew Stafford,5.5,1.4,0.3,,0.0,,,0.0,0.0,Y,"Nacua/Kyren (Off +1.5 fully healthy — keep in mind); D +McDuffie/Watson +Aaron Donald (back, rusty). Wk1 (L 7-27 at SF): Def 1.2→0.2 (poor showing + lost Myles Garrett knee/IR ~Wk6). Wk2 (W 28-6 vs NYG): looked great WITHOUT Puka Nacua — Off 0.9->1.4 (+0.5); Def 0.2->0.5 — upgraded but tempered (impressive but vs NYG's backup Winston after Dart's Q1 injury, don't overreact); Stafford held 5.5. WATCH: if Puka plays next wk, another +0.5 Off. Wk3: Puka OUT again at DEN (doubtful; hip/groin, no practice since 9/17; McVay targets Wk4 vs PHI) — Off HELD 1.4 (already rated without him); the +0.5 waits for his return Wk3 (L 26-30 at DEN, out-gained DEN 482-257): Def 0.5->0.3 (availability: CB J.Watson R shoulder, S Kinchens hamstring). Off held 1.4 (Puka out again; +0.5 on return, targeting Wk4). Stafford held.",38,17
San Francisco 49ers,NFC,West,Brock Purdy,3.2,0.7,0.7,,0.0,,,0.0,0.0,Y,"+Evans/Kirk; D +Odighizuwa/Greenlaw. Wk1 (beat LAR 27-7 in Melbourne): Off 0.2→1.0 (Kittle healthy, dominated); QB 2.5→3.0; Def 0.5→1.0 (held LAR to 7). Wk2 (W 35-13 vs MIA): Purdy 3.0->3.2 (+0.2 slight) — surgical (20/22 287 2TD, 99.7 PFF); Def 1.0->1.2 (+0.2 slight); Off held 1.0 Wk3 (W 36-30 vs ARI; box ~30-30): Off 1.0->0.7 — Evans ribs/oblique, T.Williams neck stinger (imaging Mon); Def 1.2->0.7 — Bosa calf out 'a few weeks', DL attrition, allowed 30/27 1D. Purdy held.",27,4
Seattle Seahawks,NFC,West,Sam Darnold,2.0,1.3,3.0,,0.0,,,0.0,0.0,Y,"Darnold (glute) hurt Wk1, missed Wk2 (Lock started); JSN+Kupp+Shaheed elite WRs; Off 1.5 (RB room thin). Wk2 (W 31-7 at ARI): got this way wrong — Lock -1.0->0.0 (+1.0): one of the best backups in the NFL, played great; Def 2.0->3.0 (+1.0): elite — has allowed just 17 pts across 2 games (hate going this high but warranted). Off held 1.5. Wk3: Darnold back from the glute strain, off the injury report and starting vs WAS — QB Lock 0.0 -> Darnold 2.0 (his pre-injury grade); Lock to QB2 Wk3 (L 31-33 at WSH): out-gained WSH 437-258, lost on 3 TO. Off 1.5->1.3 (RG Bradford IR knee/hip; run game ~2 ypc); Darnold 83.1 held; Def held (Love/Okada out).",28,8
